{"meta": {"version": "7.3.1", "timestamp": "2023-11-07T13:15:38.453942", "branch_coverage": false, "show_contexts": false}, "files": {"src/geodense/__init__.py": {"executed_lines": [1], "summary": {"covered_lines": 0, "num_statements": 0, "percent_covered": 100.0, "percent_covered_display": "100", "missing_lines": 0, "excluded_lines": 0}, "missing_lines": [], "excluded_lines": []}, "src/geodense/lib.py": {"executed_lines": [1, 2, 3, 4, 5, 6, 7, 8, 10, 11, 12, 14, 16, 24, 30, 39, 41, 42, 43, 44, 47, 52, 54, 55, 56, 58, 66, 71, 73, 74, 75, 77, 78, 80, 82, 85, 86, 90, 92, 93, 94, 97, 98, 99, 100, 103, 109, 110, 111, 112, 115, 118, 120, 121, 124, 130, 131, 137, 139, 140, 142, 143, 144, 145, 147, 149, 150, 151, 152, 155, 158, 159, 161, 162, 164, 169, 170, 171, 172, 174, 175, 176, 177, 180, 183, 188, 194, 195, 196, 197, 198, 199, 200, 201, 202, 203, 204, 205, 206, 207, 208, 209, 210, 211, 214, 223, 224, 225, 226, 228, 229, 230, 231, 232, 233, 234, 235, 236, 237, 238, 241, 243, 244, 246, 247, 251, 252, 255, 281, 283, 285, 287, 288, 289, 290, 292, 293, 294, 297, 299, 300, 307, 308, 314, 317, 318, 319, 320, 321, 322, 323, 326, 329, 330, 334, 337, 340, 341, 342, 343, 348, 349, 350, 351, 352, 355, 365, 366, 367, 368, 371, 376, 379, 382, 383, 385, 386, 387, 389, 391, 398, 399, 402, 403, 404, 409, 414, 417, 418, 420, 422, 425, 426, 428, 430, 432, 433, 434, 436, 442, 450, 452, 453, 457, 460, 461, 463, 465, 466, 467, 468, 469, 482, 487, 499, 506, 507, 510, 511, 512, 517, 522, 523, 525, 526, 530, 531, 535, 536, 543, 544, 546, 547, 551, 552, 553, 557, 560, 561, 565, 566, 567, 568, 569, 570, 573, 576, 592, 593, 595, 597, 598, 605, 612, 613, 614, 615, 618, 619, 620, 621, 622, 625, 628, 629, 630, 631, 634, 637, 656, 657, 658, 659, 660, 661, 666, 667, 669, 674, 675, 676, 681, 682, 683, 686, 687, 690, 691, 693], "summary": {"covered_lines": 289, "num_statements": 293, "percent_covered": 98.63481228668942, "percent_covered_display": "99", "missing_lines": 4, "excluded_lines": 0}, "missing_lines": [88, 315, 454, 554], "excluded_lines": []}, "src/geodense/main.py": {"executed_lines": [1, 2, 3, 5, 6, 7, 9, 15, 17, 20, 22, 23, 24, 25, 26, 27, 28, 29, 33, 34, 36, 39, 42, 43, 46, 47, 48, 49, 50, 51, 54, 63, 64, 73, 74, 75, 78, 84, 85, 86, 88, 89, 90, 92, 93, 94, 95, 96, 99, 100, 108, 110, 115, 117, 122, 123, 125, 132, 139, 146, 154, 162, 164, 171, 172, 179, 186, 193, 195, 196, 198, 199, 200, 201, 202, 203, 204, 207], "summary": {"covered_lines": 78, "num_statements": 78, "percent_covered": 100.0, "percent_covered_display": "100", "missing_lines": 0, "excluded_lines": 1}, "missing_lines": [], "excluded_lines": [208]}, "src/geodense/models.py": {"executed_lines": [1, 3, 5, 6, 7, 10, 11, 13, 19, 21, 22, 27, 28, 29, 30, 31, 32, 33, 38, 40, 42, 43, 47, 48, 51, 54, 55, 56, 57, 58, 61, 62, 64, 65, 67], "summary": {"covered_lines": 35, "num_statements": 40, "percent_covered": 87.5, "percent_covered_display": "88", "missing_lines": 5, "excluded_lines": 0}, "missing_lines": [35, 39, 49, 52, 66], "excluded_lines": []}}, "totals": {"covered_lines": 402, "num_statements": 411, "percent_covered": 97.81021897810218, "percent_covered_display": "98", "missing_lines": 9, "excluded_lines": 1}}