{"meta": {"version": "7.3.1", "timestamp": "2023-10-10T09:39:19.836077", "branch_coverage": false, "show_contexts": false}, "files": {"src/geodense/__init__.py": {"executed_lines": [1], "summary": {"covered_lines": 0, "num_statements": 0, "percent_covered": 100.0, "percent_covered_display": "100", "missing_lines": 0, "excluded_lines": 0}, "missing_lines": [], "excluded_lines": []}, "src/geodense/lib.py": {"executed_lines": [1, 2, 3, 4, 5, 6, 7, 8, 10, 11, 12, 14, 15, 16, 24, 29, 30, 31, 33, 42, 44, 45, 46, 47, 50, 59, 61, 63, 64, 67, 69, 77, 83, 84, 85, 86, 88, 89, 91, 92, 93, 94, 95, 96, 99, 100, 101, 102, 105, 112, 113, 114, 115, 118, 121, 123, 124, 129, 135, 136, 142, 144, 145, 147, 148, 149, 150, 151, 152, 153, 154, 157, 160, 163, 164, 166, 167, 169, 174, 175, 176, 177, 179, 180, 181, 182, 185, 191, 193, 202, 208, 209, 210, 211, 212, 213, 214, 215, 216, 217, 218, 219, 220, 221, 222, 223, 224, 225, 228, 237, 238, 239, 240, 242, 243, 244, 245, 246, 247, 248, 249, 250, 251, 252, 255, 257, 258, 260, 261, 265, 266, 269, 294, 296, 298, 299, 301, 302, 303, 304, 306, 307, 308, 311, 313, 315, 316, 321, 327, 328, 330, 333, 334, 335, 336, 337, 338, 339, 340, 346, 349, 350, 354, 360, 363, 364, 365, 366, 371, 372, 373, 374, 375, 378, 388, 389, 390, 391, 394, 398, 401, 404, 405, 407, 408, 409, 411, 413, 418, 419, 422, 423, 424, 429, 434, 437, 438, 440, 441, 442, 443, 444, 445, 447, 451, 459, 463, 465, 466, 467, 468, 469, 482, 487, 499, 506, 507, 510, 511, 512, 517, 520, 521, 523, 524, 528, 529, 533, 534, 541, 542, 544, 545, 549, 550, 553, 556, 557, 561, 562, 563, 564, 565, 566, 569, 572, 592, 593, 595, 596, 597, 604, 611, 612, 613, 614, 617, 618, 619, 620, 621, 624, 630, 631, 632, 633, 640, 643, 662, 663, 664, 665, 666, 667, 672, 673, 675, 680, 681, 682, 687, 688, 689, 692, 693, 694, 695, 696, 697, 698, 701, 702, 703, 704, 707, 708, 711, 712, 714], "summary": {"covered_lines": 299, "num_statements": 300, "percent_covered": 99.66666666666667, "percent_covered_display": "99", "missing_lines": 1, "excluded_lines": 0}, "missing_lines": [331], "excluded_lines": []}, "src/geodense/main.py": {"executed_lines": [1, 2, 3, 5, 6, 7, 9, 17, 20, 22, 23, 24, 25, 26, 27, 28, 29, 33, 34, 36, 39, 42, 43, 46, 47, 48, 49, 50, 51, 54, 62, 63, 66, 67, 68, 71, 77, 78, 79, 81, 82, 83, 85, 86, 87, 88, 89, 92, 93, 101, 103, 108, 110, 115, 116, 118, 125, 132, 140, 148, 150, 157, 158, 165, 172, 179, 181, 182, 184, 185, 186, 187, 188, 189, 190, 193], "summary": {"covered_lines": 76, "num_statements": 76, "percent_covered": 100.0, "percent_covered_display": "100", "missing_lines": 0, "excluded_lines": 1}, "missing_lines": [], "excluded_lines": [194]}}, "totals": {"covered_lines": 375, "num_statements": 376, "percent_covered": 99.73404255319149, "percent_covered_display": "99", "missing_lines": 1, "excluded_lines": 1}}