{"meta": {"version": "7.4.0", "timestamp": "2024-01-18T12:18:36.242791", "branch_coverage": false, "show_contexts": false}, "files": {"src/geodense/__init__.py": {"executed_lines": [1, 2, 3, 4, 5, 7, 9, 10, 13, 14, 15, 16, 17, 20, 21, 22, 23, 24, 25, 32, 46, 47, 48, 49, 50, 51], "summary": {"covered_lines": 26, "num_statements": 26, "percent_covered": 100.0, "percent_covered_display": "100", "missing_lines": 0, "excluded_lines": 0}, "missing_lines": [], "excluded_lines": []}, "src/geodense/geojson.py": {"executed_lines": [1, 2, 4, 5, 7, 10, 13, 16, 17, 18, 21, 22, 23, 25, 26, 27, 28, 29, 30, 32, 33, 35, 38, 42], "summary": {"covered_lines": 24, "num_statements": 26, "percent_covered": 92.3076923076923, "percent_covered_display": "92", "missing_lines": 2, "excluded_lines": 0}, "missing_lines": [34, 39], "excluded_lines": []}, "src/geodense/lib.py": {"executed_lines": [1, 2, 3, 4, 5, 6, 7, 8, 9, 11, 21, 22, 23, 24, 25, 26, 28, 29, 30, 39, 40, 41, 42, 43, 47, 50, 51, 52, 53, 56, 59, 60, 61, 64, 69, 72, 75, 78, 81, 83, 86, 91, 94, 97, 98, 99, 100, 101, 104, 112, 113, 117, 119, 120, 121, 122, 123, 126, 131, 133, 134, 136, 137, 138, 139, 142, 145, 153, 156, 157, 158, 161, 186, 188, 189, 190, 191, 194, 199, 200, 201, 202, 205, 207, 210, 217, 219, 220, 221, 222, 223, 224, 225, 228, 229, 230, 231, 232, 234, 235, 238, 239, 245, 246, 247, 248, 249, 250, 252, 253, 255, 258, 259, 260, 261, 265, 270, 273, 274, 276, 278, 281, 286, 287, 289, 291, 293, 294, 299, 300, 302, 308, 316, 318, 319, 323, 324, 326, 328, 329, 330, 331, 332, 333, 336, 349, 355, 356, 359, 364, 367, 370, 371, 373, 374, 375, 377, 379, 386, 387, 390, 391, 392, 397, 398, 399, 410, 411, 412, 416, 417, 420, 428, 431, 432, 433, 434, 436, 442, 443, 444, 445, 448, 454, 456, 457, 458, 459, 462, 465, 466, 468, 469, 470, 471, 476, 477, 478, 479, 482, 486, 489, 492, 493, 494, 495, 497, 500, 505, 507, 508, 509, 511, 512, 514, 517, 520, 521, 525, 526, 528, 529, 532, 533, 534, 537, 538, 539, 540, 543, 555, 562, 563, 566, 567, 568, 573, 578, 579, 580, 582, 583, 584, 585, 587, 595, 598, 599, 602, 603, 604, 605, 606, 607, 610, 613, 629, 630, 632, 634, 635, 642, 649, 650, 651, 652, 655, 656, 657, 658, 659, 662, 666, 669, 672, 673, 675, 680, 683, 686, 687, 688, 689, 692, 694, 697, 700, 701, 704, 709, 710, 712, 715, 718, 721, 722, 723, 724, 725, 726, 727, 728, 729, 732, 733, 737, 739, 740, 742, 743, 744, 746, 747, 748, 752, 755], "summary": {"covered_lines": 316, "num_statements": 334, "percent_covered": 94.61077844311377, "percent_covered_display": "95", "missing_lines": 18, "excluded_lines": 0}, "missing_lines": [236, 240, 243, 254, 262, 282, 295, 320, 413, 414, 415, 429, 467, 472, 473, 487, 515, 522], "excluded_lines": []}, "src/geodense/main.py": {"executed_lines": [1, 2, 3, 4, 5, 6, 7, 8, 10, 12, 13, 18, 20, 23, 24, 25, 26, 27, 28, 29, 30, 31, 34, 35, 37, 40, 41, 49, 59, 60, 68, 70, 79, 80, 82, 84, 85, 87, 90, 93, 94, 95, 96, 97, 101, 107, 108, 110, 115, 122, 130, 138, 145, 153, 157, 165, 167, 174, 181, 188, 195, 202, 213, 220, 223, 225, 226, 228, 229, 230, 231, 232, 233, 234, 235, 236, 239, 240, 241, 242, 245, 251, 252, 253, 254, 261, 275, 281, 284], "summary": {"covered_lines": 89, "num_statements": 93, "percent_covered": 95.6989247311828, "percent_covered_display": "96", "missing_lines": 4, "excluded_lines": 1}, "missing_lines": [270, 271, 273, 280], "excluded_lines": [285]}, "src/geodense/models.py": {"executed_lines": [1, 2, 4, 5, 6, 9, 10, 13, 14, 16, 22, 24, 25, 29, 30, 31, 32, 33, 34, 35, 36, 37, 44, 46, 48, 49, 53, 54, 57, 60, 61, 62, 63, 64, 67, 68, 70, 71, 73], "summary": {"covered_lines": 39, "num_statements": 44, "percent_covered": 88.63636363636364, "percent_covered_display": "89", "missing_lines": 5, "excluded_lines": 0}, "missing_lines": [41, 45, 55, 58, 72], "excluded_lines": []}, "src/geodense/types.py": {"executed_lines": [1, 2, 4, 14, 15, 23, 25, 27, 31, 35, 44, 46], "summary": {"covered_lines": 12, "num_statements": 12, "percent_covered": 100.0, "percent_covered_display": "100", "missing_lines": 0, "excluded_lines": 0}, "missing_lines": [], "excluded_lines": []}}, "totals": {"covered_lines": 506, "num_statements": 535, "percent_covered": 94.57943925233644, "percent_covered_display": "95", "missing_lines": 29, "excluded_lines": 1}}