{"meta": {"version": "7.4.0", "timestamp": "2024-01-05T13:00:26.834100", "branch_coverage": false, "show_contexts": false}, "files": {"src/geodense/__init__.py": {"executed_lines": [1, 2, 3, 4, 5, 7, 9, 10, 13, 14, 15, 16, 17, 20, 21, 22, 23, 24, 25, 32, 46, 47, 48, 49, 50, 51], "summary": {"covered_lines": 26, "num_statements": 26, "percent_covered": 100.0, "percent_covered_display": "100", "missing_lines": 0, "excluded_lines": 0}, "missing_lines": [], "excluded_lines": []}, "src/geodense/geojson.py": {"executed_lines": [1, 2, 4, 5, 7, 10, 13, 16, 17, 18, 21, 22, 23, 25, 26, 27, 28, 29, 30, 32, 33, 35, 38, 42], "summary": {"covered_lines": 24, "num_statements": 26, "percent_covered": 92.3076923076923, "percent_covered_display": "92", "missing_lines": 2, "excluded_lines": 0}, "missing_lines": [34, 39], "excluded_lines": []}, "src/geodense/lib.py": {"executed_lines": [1, 2, 3, 4, 5, 6, 7, 8, 9, 11, 21, 22, 23, 24, 25, 26, 28, 29, 30, 39, 40, 41, 42, 43, 47, 50, 51, 52, 53, 56, 59, 62, 64, 67, 72, 75, 78, 79, 80, 81, 82, 85, 93, 94, 98, 100, 101, 102, 103, 104, 108, 113, 114, 118, 121, 123, 124, 125, 126, 127, 130, 133, 141, 144, 145, 146, 149, 174, 176, 177, 178, 179, 182, 187, 188, 189, 190, 193, 195, 198, 205, 207, 208, 209, 210, 211, 212, 213, 216, 217, 218, 219, 220, 222, 223, 226, 227, 233, 234, 235, 236, 237, 238, 240, 241, 243, 246, 247, 248, 249, 253, 258, 261, 262, 264, 266, 269, 274, 275, 277, 279, 281, 282, 287, 288, 290, 296, 304, 306, 307, 311, 312, 314, 316, 317, 318, 319, 320, 321, 324, 337, 343, 344, 347, 352, 355, 358, 359, 361, 362, 363, 365, 367, 374, 375, 378, 379, 380, 385, 386, 387, 398, 399, 400, 404, 405, 408, 416, 419, 420, 421, 422, 424, 430, 431, 432, 433, 436, 442, 444, 445, 446, 447, 450, 453, 454, 456, 457, 458, 459, 464, 465, 466, 467, 470, 474, 477, 480, 481, 482, 483, 485, 488, 493, 495, 496, 497, 499, 500, 502, 505, 508, 509, 513, 514, 516, 517, 520, 521, 522, 525, 526, 527, 528, 531, 543, 550, 551, 554, 555, 556, 561, 566, 567, 568, 570, 571, 572, 573, 575, 583, 586, 587, 590, 591, 592, 593, 594, 595, 598, 601, 617, 618, 620, 622, 623, 630, 637, 638, 639, 640, 643, 644, 645, 646, 647, 650, 654, 657, 660, 661, 663, 668, 671, 674, 675, 676, 677, 680, 682, 685, 688, 689, 692, 697, 698, 700, 703, 706, 709, 710, 711, 712, 713, 714, 715, 716, 717, 720, 721, 725, 727, 728, 730, 731, 732, 734, 735, 736, 740, 743], "summary": {"covered_lines": 311, "num_statements": 329, "percent_covered": 94.52887537993921, "percent_covered_display": "95", "missing_lines": 18, "excluded_lines": 0}, "missing_lines": [224, 228, 231, 242, 250, 270, 283, 308, 401, 402, 403, 417, 455, 460, 461, 475, 503, 510], "excluded_lines": []}, "src/geodense/main.py": {"executed_lines": [1, 2, 3, 4, 5, 6, 7, 8, 10, 12, 13, 18, 20, 23, 24, 25, 26, 27, 28, 29, 30, 31, 34, 35, 37, 40, 41, 49, 59, 60, 68, 70, 79, 80, 82, 84, 85, 87, 90, 93, 94, 95, 96, 97, 101, 107, 108, 110, 115, 122, 130, 138, 145, 153, 157, 165, 167, 174, 181, 188, 195, 202, 213, 220, 223, 225, 226, 228, 229, 230, 231, 232, 233, 234, 235, 236, 239, 240, 241, 242, 245, 251, 252, 253, 254, 261, 275, 281, 284], "summary": {"covered_lines": 89, "num_statements": 93, "percent_covered": 95.6989247311828, "percent_covered_display": "96", "missing_lines": 4, "excluded_lines": 1}, "missing_lines": [270, 271, 273, 280], "excluded_lines": [285]}, "src/geodense/models.py": {"executed_lines": [1, 2, 4, 5, 6, 9, 10, 13, 14, 16, 22, 24, 25, 29, 30, 31, 32, 33, 34, 35, 36, 37, 44, 46, 48, 49, 53, 54, 57, 60, 61, 62, 63, 64, 67, 68, 70, 71, 73], "summary": {"covered_lines": 39, "num_statements": 44, "percent_covered": 88.63636363636364, "percent_covered_display": "89", "missing_lines": 5, "excluded_lines": 0}, "missing_lines": [41, 45, 55, 58, 72], "excluded_lines": []}, "src/geodense/types.py": {"executed_lines": [1, 2, 4, 14, 15, 23, 25, 27, 31, 35, 44, 46], "summary": {"covered_lines": 12, "num_statements": 12, "percent_covered": 100.0, "percent_covered_display": "100", "missing_lines": 0, "excluded_lines": 0}, "missing_lines": [], "excluded_lines": []}}, "totals": {"covered_lines": 501, "num_statements": 530, "percent_covered": 94.52830188679245, "percent_covered_display": "95", "missing_lines": 29, "excluded_lines": 1}}