{"meta": {"version": "7.3.1", "timestamp": "2023-09-20T21:27:11.359864", "branch_coverage": false, "show_contexts": false}, "files": {"src/geodense/__init__.py": {"executed_lines": [1], "summary": {"covered_lines": 0, "num_statements": 0, "percent_covered": 100.0, "percent_covered_display": "100", "missing_lines": 0, "excluded_lines": 0}, "missing_lines": [], "excluded_lines": []}, "src/geodense/lib.py": {"executed_lines": [1, 2, 3, 4, 5, 6, 8, 9, 10, 12, 13, 14, 20, 21, 22, 25, 32, 34, 36, 37, 40, 42, 50, 63, 68, 69, 70, 71, 74, 75, 76, 81, 87, 89, 98, 105, 107, 108, 109, 111, 112, 113, 114, 116, 117, 122, 124, 129, 130, 131, 132, 138, 139, 140, 141, 146, 149, 150, 154, 155, 156, 157, 158, 159, 162, 165, 167, 168, 169, 171, 173, 178, 179, 182, 183, 184, 189, 191, 192, 193, 194, 195, 196, 198, 202, 210, 213, 218, 225, 226, 227, 228, 229, 233, 235, 237, 238, 240, 242, 245, 246, 249, 255, 256, 257, 258, 265, 268, 271, 272, 273, 274, 275, 276, 277, 278, 279, 280, 281, 282, 285, 292, 293, 294, 295, 298, 301, 303, 311, 312, 314, 315, 316, 317, 318, 319, 320, 321, 322, 325, 328, 331, 332, 334, 335, 337, 342, 343, 344, 345, 347, 348, 349, 350, 353, 372, 373, 374, 375, 376, 377, 381, 382, 384, 389, 390, 391, 396, 397, 400, 401, 404, 405, 406, 407, 408, 409, 412, 413, 414, 415], "summary": {"covered_lines": 181, "num_statements": 182, "percent_covered": 99.45054945054945, "percent_covered_display": "99", "missing_lines": 1, "excluded_lines": 0}, "missing_lines": [398], "excluded_lines": []}, "src/geodense/main.py": {"executed_lines": [1, 2, 4, 6, 14, 21, 26, 38, 39, 47, 49, 54, 55, 56, 63, 70, 78, 80, 87, 88, 95, 102, 104, 105, 109, 110, 111, 112, 118], "summary": {"covered_lines": 29, "num_statements": 40, "percent_covered": 72.5, "percent_covered_display": "72", "missing_lines": 11, "excluded_lines": 0}, "missing_lines": [27, 28, 30, 31, 32, 34, 35, 113, 114, 115, 119], "excluded_lines": []}}, "totals": {"covered_lines": 210, "num_statements": 222, "percent_covered": 94.5945945945946, "percent_covered_display": "95", "missing_lines": 12, "excluded_lines": 0}}