{"meta": {"version": "7.4.0", "timestamp": "2024-01-05T13:35:14.064454", "branch_coverage": false, "show_contexts": false}, "files": {"src/geodense/__init__.py": {"executed_lines": [1, 2, 3, 4, 5, 7, 9, 10, 13, 14, 15, 16, 17, 20, 21, 22, 23, 24, 25, 32, 46, 47, 48, 49, 50, 51], "summary": {"covered_lines": 26, "num_statements": 26, "percent_covered": 100.0, "percent_covered_display": "100", "missing_lines": 0, "excluded_lines": 0}, "missing_lines": [], "excluded_lines": []}, "src/geodense/geojson.py": {"executed_lines": [1, 2, 4, 5, 7, 10, 13, 16, 17, 18, 21, 22, 23, 25, 26, 27, 28, 29, 30, 32, 33, 35, 38, 42], "summary": {"covered_lines": 24, "num_statements": 26, "percent_covered": 92.3076923076923, "percent_covered_display": "92", "missing_lines": 2, "excluded_lines": 0}, "missing_lines": [34, 39], "excluded_lines": []}, "src/geodense/lib.py": {"executed_lines": [1, 2, 3, 4, 5, 6, 7, 8, 9, 11, 21, 22, 23, 24, 25, 26, 28, 29, 30, 39, 40, 41, 42, 43, 47, 50, 51, 52, 53, 56, 59, 60, 61, 64, 67, 70, 73, 76, 79, 81, 84, 89, 92, 95, 96, 97, 98, 99, 102, 110, 111, 115, 117, 118, 119, 120, 121, 124, 129, 131, 132, 134, 135, 136, 137, 140, 143, 151, 154, 155, 156, 159, 184, 186, 187, 188, 189, 192, 197, 198, 199, 200, 203, 205, 208, 215, 217, 218, 219, 220, 221, 222, 223, 226, 227, 228, 229, 230, 232, 233, 236, 237, 243, 244, 245, 246, 247, 248, 250, 251, 253, 256, 257, 258, 259, 263, 268, 271, 272, 274, 276, 279, 284, 285, 287, 289, 291, 292, 297, 298, 300, 306, 314, 316, 317, 321, 322, 324, 326, 327, 328, 329, 330, 331, 334, 347, 353, 354, 357, 362, 365, 368, 369, 371, 372, 373, 375, 377, 384, 385, 388, 389, 390, 395, 396, 397, 408, 409, 410, 414, 415, 418, 426, 429, 430, 431, 432, 434, 440, 441, 442, 443, 446, 452, 454, 455, 456, 457, 460, 463, 464, 466, 467, 468, 469, 474, 475, 476, 477, 480, 484, 487, 490, 491, 492, 493, 495, 498, 503, 505, 506, 507, 509, 510, 512, 515, 518, 519, 523, 524, 526, 527, 530, 531, 532, 535, 536, 537, 538, 541, 553, 560, 561, 564, 565, 566, 571, 576, 577, 578, 580, 581, 582, 583, 585, 593, 596, 597, 600, 601, 602, 603, 604, 605, 608, 611, 627, 628, 630, 632, 633, 640, 647, 648, 649, 650, 653, 654, 655, 656, 657, 660, 664, 667, 670, 671, 673, 678, 681, 684, 685, 686, 687, 690, 692, 695, 698, 699, 702, 707, 708, 710, 713, 716, 719, 720, 721, 722, 723, 724, 725, 726, 727, 730, 731, 735, 737, 738, 740, 741, 742, 744, 745, 746, 750, 753], "summary": {"covered_lines": 316, "num_statements": 334, "percent_covered": 94.61077844311377, "percent_covered_display": "95", "missing_lines": 18, "excluded_lines": 0}, "missing_lines": [234, 238, 241, 252, 260, 280, 293, 318, 411, 412, 413, 427, 465, 470, 471, 485, 513, 520], "excluded_lines": []}, "src/geodense/main.py": {"executed_lines": [1, 2, 3, 4, 5, 6, 7, 8, 10, 12, 13, 18, 20, 23, 24, 25, 26, 27, 28, 29, 30, 31, 34, 35, 37, 40, 41, 49, 59, 60, 68, 70, 79, 80, 82, 84, 85, 87, 90, 93, 94, 95, 96, 97, 101, 107, 108, 110, 115, 122, 130, 138, 145, 153, 157, 165, 167, 174, 181, 188, 195, 202, 213, 220, 223, 225, 226, 228, 229, 230, 231, 232, 233, 234, 235, 236, 239, 240, 241, 242, 245, 251, 252, 253, 254, 261, 275, 281, 284], "summary": {"covered_lines": 89, "num_statements": 93, "percent_covered": 95.6989247311828, "percent_covered_display": "96", "missing_lines": 4, "excluded_lines": 1}, "missing_lines": [270, 271, 273, 280], "excluded_lines": [285]}, "src/geodense/models.py": {"executed_lines": [1, 2, 4, 5, 6, 9, 10, 13, 14, 16, 22, 24, 25, 29, 30, 31, 32, 33, 34, 35, 36, 37, 44, 46, 48, 49, 53, 54, 57, 60, 61, 62, 63, 64, 67, 68, 70, 71, 73], "summary": {"covered_lines": 39, "num_statements": 44, "percent_covered": 88.63636363636364, "percent_covered_display": "89", "missing_lines": 5, "excluded_lines": 0}, "missing_lines": [41, 45, 55, 58, 72], "excluded_lines": []}, "src/geodense/types.py": {"executed_lines": [1, 2, 4, 14, 15, 23, 25, 27, 31, 35, 44, 46], "summary": {"covered_lines": 12, "num_statements": 12, "percent_covered": 100.0, "percent_covered_display": "100", "missing_lines": 0, "excluded_lines": 0}, "missing_lines": [], "excluded_lines": []}}, "totals": {"covered_lines": 506, "num_statements": 535, "percent_covered": 94.57943925233644, "percent_covered_display": "95", "missing_lines": 29, "excluded_lines": 1}}