{"meta": {"version": "7.3.0", "timestamp": "2023-09-15T14:24:34.164658", "branch_coverage": false, "show_contexts": false}, "files": {"src/geodense/__init__.py": {"executed_lines": [0], "summary": {"covered_lines": 0, "num_statements": 0, "percent_covered": 100.0, "percent_covered_display": "100", "missing_lines": 0, "excluded_lines": 0}, "missing_lines": [], "excluded_lines": []}, "src/geodense/lib.py": {"executed_lines": [1, 2, 3, 4, 5, 7, 8, 9, 11, 12, 13, 19, 22, 29, 31, 33, 34, 37, 39, 47, 58, 65, 66, 67, 72, 78, 80, 89, 96, 98, 99, 100, 102, 103, 104, 105, 107, 108, 113, 115, 120, 121, 122, 128, 129, 130, 131, 136, 139, 140, 144, 145, 146, 147, 148, 149, 152, 155, 156, 157, 158, 160, 162, 167, 168, 171, 172, 173, 180, 181, 182, 183, 184, 185, 186, 188, 192, 199, 205, 212, 213, 215, 216, 218, 220, 221, 222, 225, 228, 229, 230, 231, 238, 241, 244, 245, 246, 247, 248, 249, 250, 251, 252, 253, 254, 255, 258, 265, 266, 267, 268, 271, 274, 276, 284, 285, 287, 288, 289, 290, 291, 293, 294, 295, 298, 301, 302, 303, 305, 309, 310, 311, 312, 314, 315, 316, 317, 320, 339, 340, 341, 342, 343, 344, 348, 349, 351, 356, 357, 358, 363, 364, 367, 368, 371, 372, 373, 374, 375], "summary": {"covered_lines": 159, "num_statements": 160, "percent_covered": 99.375, "percent_covered_display": "99", "missing_lines": 1, "excluded_lines": 0}, "missing_lines": [365], "excluded_lines": []}, "src/geodense/main.py": {"executed_lines": [1, 2, 4, 6, 9, 20, 30, 31, 39, 40, 45, 46, 47, 54, 61, 69, 71, 76, 77, 84, 91, 92, 93, 95, 96, 102], "summary": {"covered_lines": 26, "num_statements": 42, "percent_covered": 61.904761904761905, "percent_covered_display": "62", "missing_lines": 16, "excluded_lines": 0}, "missing_lines": [10, 11, 12, 13, 14, 15, 21, 22, 23, 24, 26, 27, 97, 98, 99, 103], "excluded_lines": []}}, "totals": {"covered_lines": 185, "num_statements": 202, "percent_covered": 91.58415841584159, "percent_covered_display": "92", "missing_lines": 17, "excluded_lines": 0}}