{"meta": {"version": "7.3.1", "timestamp": "2023-09-28T16:05:03.165948", "branch_coverage": false, "show_contexts": false}, "files": {"src/geodense/__init__.py": {"executed_lines": [1], "summary": {"covered_lines": 0, "num_statements": 0, "percent_covered": 100.0, "percent_covered_display": "100", "missing_lines": 0, "excluded_lines": 0}, "missing_lines": [], "excluded_lines": []}, "src/geodense/lib.py": {"executed_lines": [1, 2, 3, 4, 5, 6, 8, 9, 10, 12, 13, 14, 20, 21, 22, 24, 33, 40, 42, 44, 45, 48, 50, 58, 71, 76, 77, 78, 79, 82, 83, 84, 89, 95, 97, 106, 109, 110, 111, 113, 114, 118, 119, 123, 124, 131, 132, 134, 135, 140, 147, 149, 151, 152, 153, 155, 156, 157, 158, 160, 161, 166, 168, 173, 174, 175, 176, 182, 183, 184, 185, 190, 193, 194, 198, 199, 200, 201, 202, 203, 206, 209, 211, 212, 213, 215, 217, 222, 223, 226, 227, 228, 233, 235, 236, 237, 238, 239, 240, 242, 246, 254, 257, 262, 269, 270, 271, 272, 273, 277, 279, 281, 282, 284, 286, 289, 290, 293, 299, 300, 301, 302, 309, 312, 315, 316, 317, 318, 319, 320, 321, 322, 323, 324, 325, 326, 329, 336, 337, 338, 339, 342, 345, 347, 355, 358, 359, 365, 367, 368, 369, 370, 371, 372, 373, 374, 375, 378, 381, 384, 385, 387, 388, 390, 395, 396, 397, 398, 400, 401, 402, 403, 406, 425, 426, 427, 428, 429, 430, 434, 435, 437, 442, 443, 444, 449, 450, 451, 454, 455, 456, 457, 458, 459, 462, 463, 464, 465, 468, 469, 472, 473, 475, 478, 479, 480, 481, 482], "summary": {"covered_lines": 208, "num_statements": 208, "percent_covered": 100.0, "percent_covered_display": "100", "missing_lines": 0, "excluded_lines": 0}, "missing_lines": [], "excluded_lines": []}, "src/geodense/main.py": {"executed_lines": [1, 2, 4, 5, 7, 15, 18, 20, 21, 22, 23, 24, 25, 26, 27, 31, 32, 34, 37, 40, 41, 44, 45, 46, 47, 48, 49, 52, 59, 60, 63, 64, 65, 68, 69, 70, 71, 73, 74, 75, 77, 78, 80, 85, 86, 94, 96, 101, 103, 108, 109, 111, 118, 125, 133, 135, 142, 143, 150, 157, 159, 160, 162, 163, 164, 165, 166, 167, 168, 171], "summary": {"covered_lines": 70, "num_statements": 72, "percent_covered": 97.22222222222223, "percent_covered_display": "97", "missing_lines": 2, "excluded_lines": 1}, "missing_lines": [81, 82], "excluded_lines": [172]}}, "totals": {"covered_lines": 278, "num_statements": 280, "percent_covered": 99.28571428571429, "percent_covered_display": "99", "missing_lines": 2, "excluded_lines": 1}}