{"meta": {"version": "7.3.1", "timestamp": "2023-09-20T13:11:34.062771", "branch_coverage": false, "show_contexts": false}, "files": {"src/geodense/__init__.py": {"executed_lines": [1], "summary": {"covered_lines": 0, "num_statements": 0, "percent_covered": 100.0, "percent_covered_display": "100", "missing_lines": 0, "excluded_lines": 0}, "missing_lines": [], "excluded_lines": []}, "src/geodense/lib.py": {"executed_lines": [1, 2, 3, 4, 5, 6, 8, 9, 10, 12, 13, 14, 20, 23, 30, 32, 34, 35, 38, 40, 48, 59, 66, 67, 68, 73, 79, 81, 90, 97, 99, 100, 101, 103, 104, 105, 106, 108, 109, 114, 116, 121, 122, 123, 129, 130, 131, 132, 137, 140, 141, 145, 146, 147, 148, 149, 150, 153, 156, 157, 158, 159, 161, 163, 168, 169, 172, 173, 174, 181, 182, 183, 184, 185, 186, 187, 189, 193, 200, 206, 213, 214, 216, 217, 219, 221, 222, 223, 226, 229, 230, 231, 232, 239, 242, 245, 246, 247, 248, 249, 250, 251, 252, 253, 254, 255, 256, 259, 266, 267, 268, 269, 272, 275, 277, 285, 286, 288, 289, 290, 291, 292, 294, 295, 296, 299, 302, 303, 304, 306, 310, 311, 312, 313, 315, 316, 317, 318, 321, 340, 341, 342, 343, 344, 345, 349, 350, 352, 357, 358, 359, 364, 365, 368, 369, 372, 373, 374, 375, 376], "summary": {"covered_lines": 160, "num_statements": 161, "percent_covered": 99.37888198757764, "percent_covered_display": "99", "missing_lines": 1, "excluded_lines": 0}, "missing_lines": [366], "excluded_lines": []}, "src/geodense/main.py": {"executed_lines": [1, 2, 4, 6, 9, 20, 30, 31, 39, 41, 46, 47, 48, 55, 62, 70, 72, 77, 78, 85, 92, 94, 95, 97, 98, 104], "summary": {"covered_lines": 26, "num_statements": 42, "percent_covered": 61.904761904761905, "percent_covered_display": "62", "missing_lines": 16, "excluded_lines": 0}, "missing_lines": [10, 11, 12, 13, 14, 15, 21, 22, 23, 24, 26, 27, 99, 100, 101, 105], "excluded_lines": []}}, "totals": {"covered_lines": 186, "num_statements": 203, "percent_covered": 91.6256157635468, "percent_covered_display": "92", "missing_lines": 17, "excluded_lines": 0}}