{"meta": {"version": "7.3.1", "timestamp": "2023-10-03T07:15:29.492138", "branch_coverage": false, "show_contexts": false}, "files": {"src/geodense/__init__.py": {"executed_lines": [1], "summary": {"covered_lines": 0, "num_statements": 0, "percent_covered": 100.0, "percent_covered_display": "100", "missing_lines": 0, "excluded_lines": 0}, "missing_lines": [], "excluded_lines": []}, "src/geodense/lib.py": {"executed_lines": [1, 2, 3, 4, 5, 6, 8, 9, 10, 12, 13, 14, 21, 26, 27, 28, 29, 30, 37, 38, 39, 40, 43, 52, 54, 56, 57, 60, 62, 70, 76, 77, 78, 79, 81, 82, 84, 85, 86, 87, 88, 89, 92, 93, 94, 95, 98, 105, 106, 107, 108, 111, 114, 116, 117, 122, 125, 126, 132, 134, 135, 136, 137, 138, 139, 140, 141, 142, 145, 148, 151, 152, 154, 155, 157, 162, 163, 164, 165, 167, 168, 169, 170, 173, 179, 181, 190, 197, 199, 201, 202, 203, 205, 206, 207, 208, 210, 211, 216, 218, 225, 226, 228, 233, 234, 235, 236, 242, 245, 246, 247, 248, 253, 257, 258, 259, 261, 263, 268, 269, 272, 273, 274, 279, 284, 287, 288, 290, 291, 292, 293, 294, 295, 297, 301, 309, 313, 315, 316, 317, 318, 319, 329, 334, 346, 353, 354, 357, 358, 359, 364, 367, 368, 370, 371, 375, 376, 380, 381, 388, 389, 391, 392, 396, 397, 400, 403, 404, 408, 409, 410, 411, 412, 413, 416, 419, 438, 439, 440, 441, 442, 446, 448, 450, 451, 453, 455, 458, 461, 464, 470, 471, 472, 473, 480, 483, 502, 503, 504, 505, 506, 507, 512, 513, 515, 520, 521, 522, 527, 528, 529, 532, 533, 535, 536, 537, 538, 539, 542, 543, 544, 545, 548, 549, 552, 553, 555], "summary": {"covered_lines": 227, "num_statements": 228, "percent_covered": 99.56140350877193, "percent_covered_display": "99", "missing_lines": 1, "excluded_lines": 0}, "missing_lines": [534], "excluded_lines": []}, "src/geodense/main.py": {"executed_lines": [1, 2, 3, 5, 6, 8, 16, 19, 21, 22, 23, 24, 25, 26, 27, 28, 32, 33, 35, 38, 41, 42, 45, 46, 47, 48, 49, 50, 53, 60, 61, 64, 65, 66, 69, 70, 71, 72, 74, 75, 76, 78, 79, 80, 81, 82, 85, 86, 94, 96, 101, 103, 108, 109, 111, 118, 125, 133, 135, 142, 143, 150, 157, 159, 160, 162, 163, 164, 165, 166, 167, 168, 171], "summary": {"covered_lines": 73, "num_statements": 73, "percent_covered": 100.0, "percent_covered_display": "100", "missing_lines": 0, "excluded_lines": 1}, "missing_lines": [], "excluded_lines": [172]}}, "totals": {"covered_lines": 300, "num_statements": 301, "percent_covered": 99.66777408637874, "percent_covered_display": "99", "missing_lines": 1, "excluded_lines": 1}}