{"meta": {"format": 2, "version": "7.5.4", "timestamp": "2024-07-09T11:59:53.672421", "branch_coverage": false, "show_contexts": false}, "files": {"src/geodense/__init__.py": {"executed_lines": [1, 2, 3, 4, 5, 7, 9, 10, 13, 14, 15, 16, 17, 20, 21, 22, 23, 24, 25, 32, 46, 47, 48, 49, 50, 51], "summary": {"covered_lines": 26, "num_statements": 26, "percent_covered": 100.0, "percent_covered_display": "100", "missing_lines": 0, "excluded_lines": 0}, "missing_lines": [], "excluded_lines": []}, "src/geodense/geojson.py": {"executed_lines": [1, 2, 4, 5, 7, 10, 13, 16, 17, 18, 21, 22, 23, 25, 26, 27, 28, 29, 30, 32, 33, 35, 38, 42], "summary": {"covered_lines": 24, "num_statements": 26, "percent_covered": 92.3076923076923, "percent_covered_display": "92", "missing_lines": 2, "excluded_lines": 0}, "missing_lines": [34, 39], "excluded_lines": []}, "src/geodense/lib.py": {"executed_lines": [1, 2, 3, 4, 5, 6, 7, 8, 9, 10, 12, 22, 23, 24, 25, 26, 27, 29, 30, 31, 40, 41, 42, 43, 44, 48, 51, 52, 55, 58, 59, 60, 63, 66, 67, 70, 73, 77, 78, 79, 80, 81, 86, 89, 90, 91, 94, 97, 102, 105, 108, 112, 113, 118, 122, 124, 125, 126, 128, 129, 131, 134, 137, 138, 142, 143, 145, 146, 148, 149, 150, 153, 154, 155, 156, 159, 164, 167, 170, 171, 172, 173, 174, 177, 185, 186, 190, 192, 193, 194, 195, 196, 199, 204, 206, 207, 209, 210, 211, 212, 215, 218, 226, 229, 230, 231, 234, 259, 261, 262, 263, 264, 267, 272, 273, 274, 275, 278, 280, 283, 288, 290, 291, 292, 299, 302, 308, 309, 310, 311, 312, 319, 320, 323, 328, 337, 339, 340, 341, 342, 343, 344, 348, 349, 350, 351, 352, 353, 360, 363, 367, 368, 369, 371, 374, 377, 386, 388, 389, 390, 391, 393, 394, 395, 396, 397, 398, 399, 403, 404, 407, 412, 415, 416, 418, 420, 423, 428, 429, 431, 433, 435, 436, 441, 442, 444, 450, 458, 460, 461, 465, 466, 467, 469, 471, 472, 473, 474, 475, 476, 479, 490, 496, 497, 500, 505, 507, 508, 509, 511, 512, 513, 515, 517, 524, 525, 528, 531, 532, 534, 535, 536, 541, 542, 543, 554, 555, 556, 560, 561, 564, 565, 566, 567, 570, 576, 578, 579, 580, 581, 584, 587, 588, 590, 591, 592, 593, 598, 599, 600, 601, 604, 608, 611, 614, 615, 618, 619, 624, 626, 629, 642, 649, 653, 654, 657, 660, 663, 664, 667, 668, 669, 670, 671, 672, 675, 678, 694, 695, 697, 699, 700, 702, 704, 706, 707, 708, 709, 712, 713, 718, 719, 720, 725, 728, 731, 734, 738, 739, 741, 744, 747, 752, 755, 757, 758, 759, 760, 761, 762, 763, 764, 767, 768, 771, 772, 773, 775, 776, 778, 779, 780, 782, 783, 784, 788, 791], "summary": {"covered_lines": 327, "num_statements": 346, "percent_covered": 94.50867052023122, "percent_covered_display": "95", "missing_lines": 19, "excluded_lines": 0}, "missing_lines": [95, 132, 139, 289, 345, 346, 372, 424, 437, 462, 557, 558, 559, 589, 594, 595, 609, 616, 753], "excluded_lines": []}, "src/geodense/main.py": {"executed_lines": [1, 2, 3, 4, 5, 6, 7, 8, 10, 12, 13, 18, 20, 23, 24, 25, 26, 27, 28, 29, 30, 31, 34, 35, 37, 40, 41, 49, 59, 60, 68, 70, 79, 80, 82, 84, 85, 87, 90, 93, 94, 95, 96, 97, 101, 107, 108, 110, 115, 122, 130, 138, 145, 153, 157, 165, 167, 174, 181, 188, 195, 202, 213, 220, 223, 225, 226, 228, 229, 230, 231, 232, 233, 234, 235, 236, 239, 240, 241, 242, 245, 251, 252, 253, 254, 261, 275, 281, 284], "summary": {"covered_lines": 89, "num_statements": 93, "percent_covered": 95.6989247311828, "percent_covered_display": "96", "missing_lines": 4, "excluded_lines": 1}, "missing_lines": [270, 271, 273, 280], "excluded_lines": [285]}, "src/geodense/models.py": {"executed_lines": [1, 2, 4, 5, 6, 9, 10, 13, 14, 16, 22, 24, 25, 29, 30, 31, 32, 33, 34, 35, 36, 37, 44, 46, 48, 49, 53, 54, 57, 60, 61, 62, 63, 64, 67, 68, 70, 71, 73], "summary": {"covered_lines": 39, "num_statements": 44, "percent_covered": 88.63636363636364, "percent_covered_display": "89", "missing_lines": 5, "excluded_lines": 0}, "missing_lines": [41, 45, 55, 58, 72], "excluded_lines": []}, "src/geodense/types.py": {"executed_lines": [1, 2, 4, 14, 15, 23, 25, 27, 31, 35, 44, 46], "summary": {"covered_lines": 12, "num_statements": 12, "percent_covered": 100.0, "percent_covered_display": "100", "missing_lines": 0, "excluded_lines": 0}, "missing_lines": [], "excluded_lines": []}}, "totals": {"covered_lines": 517, "num_statements": 547, "percent_covered": 94.51553930530164, "percent_covered_display": "95", "missing_lines": 30, "excluded_lines": 1}}