{"meta": {"version": "7.3.2", "timestamp": "2023-12-08T16:20:18.829456", "branch_coverage": false, "show_contexts": false}, "files": {"src/geodense/__init__.py": {"executed_lines": [1, 2, 3, 4, 6, 8, 9, 12, 13, 14, 15, 16, 19, 20, 21, 22, 23, 24, 31, 45, 46, 47, 48, 49, 50], "summary": {"covered_lines": 25, "num_statements": 25, "percent_covered": 100.0, "percent_covered_display": "100", "missing_lines": 0, "excluded_lines": 0}, "missing_lines": [], "excluded_lines": []}, "src/geodense/geojson.py": {"executed_lines": [1, 2, 4, 5, 7, 10, 13, 16, 17, 18, 21, 22, 24, 25, 26, 28, 30, 31, 33, 36, 40], "summary": {"covered_lines": 21, "num_statements": 24, "percent_covered": 87.5, "percent_covered_display": "88", "missing_lines": 3, "excluded_lines": 0}, "missing_lines": [27, 32, 37], "excluded_lines": []}, "src/geodense/lib.py": {"executed_lines": [1, 2, 3, 4, 5, 6, 7, 9, 19, 20, 21, 22, 23, 24, 26, 27, 28, 37, 38, 39, 40, 41, 45, 48, 49, 50, 51, 54, 57, 58, 60, 61, 63, 69, 70, 71, 72, 74, 75, 76, 77, 80, 83, 87, 91, 94, 100, 102, 103, 104, 105, 106, 109, 114, 115, 119, 120, 123, 148, 150, 151, 152, 153, 156, 161, 162, 163, 164, 167, 169, 172, 179, 181, 182, 183, 184, 185, 186, 187, 190, 191, 192, 193, 194, 196, 197, 200, 201, 207, 208, 209, 210, 211, 212, 214, 215, 217, 220, 221, 222, 223, 227, 232, 235, 236, 238, 240, 243, 247, 248, 250, 252, 254, 255, 260, 261, 263, 269, 277, 279, 280, 284, 285, 287, 289, 290, 291, 292, 293, 294, 297, 310, 316, 317, 320, 325, 328, 331, 332, 334, 335, 336, 338, 340, 347, 348, 351, 352, 353, 358, 359, 360, 371, 372, 373, 377, 378, 381, 386, 387, 389, 392, 393, 394, 397, 399, 405, 411, 412, 413, 414, 417, 418, 420, 421, 422, 424, 427, 429, 432, 433, 434, 435, 437, 440, 445, 447, 448, 449, 451, 452, 454, 457, 460, 461, 465, 466, 469, 472, 473, 474, 477, 478, 479, 480, 481, 484, 496, 503, 504, 507, 508, 509, 514, 519, 520, 521, 523, 524, 525, 526, 528, 536, 541, 542, 543, 545, 548, 551, 553, 557, 564, 577, 578, 580, 585, 589, 590, 591, 592, 593, 596, 599, 600, 603, 604, 605, 606, 607, 608, 611, 614, 630, 631, 633, 635, 636, 643, 650, 651, 652, 653, 656, 657, 658, 659, 660, 663, 667, 670, 673, 674, 676, 681, 684, 687, 688, 689, 690, 693, 695, 698, 701, 702, 705, 710, 711, 713, 716, 719, 722, 724, 725, 726, 727, 728, 729, 730, 731, 734, 735, 739, 741, 742, 744, 745, 746, 748, 749, 750, 754, 757], "summary": {"covered_lines": 312, "num_statements": 330, "percent_covered": 94.54545454545455, "percent_covered_display": "95", "missing_lines": 18, "excluded_lines": 0}, "missing_lines": [198, 202, 205, 216, 224, 244, 256, 281, 374, 375, 376, 390, 419, 428, 455, 462, 468, 569], "excluded_lines": []}, "src/geodense/main.py": {"executed_lines": [1, 2, 3, 4, 5, 6, 8, 10, 11, 16, 17, 19, 22, 23, 24, 25, 26, 27, 28, 29, 30, 36, 39, 40, 48, 58, 59, 65, 69, 71, 72, 73, 75, 76, 79, 80, 81, 82, 86, 92, 93, 95, 100, 101, 103, 111, 118, 126, 130, 138, 140, 147, 148, 155, 162, 170, 173, 175, 176, 178, 179, 180, 181, 182, 183, 184, 185, 186, 189], "summary": {"covered_lines": 69, "num_statements": 71, "percent_covered": 97.1830985915493, "percent_covered_display": "97", "missing_lines": 2, "excluded_lines": 1}, "missing_lines": [33, 34], "excluded_lines": [190]}, "src/geodense/models.py": {"executed_lines": [1, 2, 4, 5, 6, 9, 10, 13, 14, 16, 22, 24, 25, 29, 30, 31, 32, 33, 34, 35, 36, 37, 44, 46, 48, 49, 53, 54, 57, 60, 61, 62, 63, 64, 67, 68, 70, 71, 73], "summary": {"covered_lines": 39, "num_statements": 44, "percent_covered": 88.63636363636364, "percent_covered_display": "89", "missing_lines": 5, "excluded_lines": 0}, "missing_lines": [41, 45, 55, 58, 72], "excluded_lines": []}, "src/geodense/types.py": {"executed_lines": [1, 2, 4, 14, 15, 23, 25, 27, 31, 35, 44, 46], "summary": {"covered_lines": 12, "num_statements": 12, "percent_covered": 100.0, "percent_covered_display": "100", "missing_lines": 0, "excluded_lines": 0}, "missing_lines": [], "excluded_lines": []}}, "totals": {"covered_lines": 478, "num_statements": 506, "percent_covered": 94.46640316205534, "percent_covered_display": "94", "missing_lines": 28, "excluded_lines": 1}}