{"meta": {"version": "7.3.1", "timestamp": "2023-11-22T13:45:35.593610", "branch_coverage": false, "show_contexts": false}, "files": {"src/geodense/__init__.py": {"executed_lines": [1, 2, 4, 7, 8, 9, 10, 11, 14, 15, 16, 17, 18, 19, 26, 40, 41, 42, 43, 44, 45], "summary": {"covered_lines": 21, "num_statements": 21, "percent_covered": 100.0, "percent_covered_display": "100", "missing_lines": 0, "excluded_lines": 0}, "missing_lines": [], "excluded_lines": []}, "src/geodense/geojson.py": {"executed_lines": [1, 2, 4, 5, 7, 10, 13, 16, 17, 18, 21, 22, 24, 30, 31, 33, 36, 40], "summary": {"covered_lines": 18, "num_statements": 24, "percent_covered": 75.0, "percent_covered_display": "75", "missing_lines": 6, "excluded_lines": 0}, "missing_lines": [25, 26, 27, 28, 32, 37], "excluded_lines": []}, "src/geodense/lib.py": {"executed_lines": [1, 2, 3, 4, 5, 6, 7, 8, 9, 11, 19, 20, 21, 23, 24, 26, 30, 34, 37, 39, 47, 48, 49, 52, 57, 58, 59, 60, 63, 67, 68, 69, 70, 72, 78, 83, 85, 86, 87, 89, 90, 92, 94, 97, 98, 102, 104, 105, 106, 110, 111, 112, 113, 116, 122, 123, 124, 125, 128, 131, 133, 134, 137, 140, 141, 143, 144, 146, 151, 152, 153, 154, 156, 157, 158, 159, 162, 165, 170, 174, 177, 183, 185, 186, 187, 188, 189, 192, 196, 197, 198, 201, 226, 228, 229, 231, 232, 235, 240, 241, 244, 247, 248, 249, 260, 261, 262, 266, 267, 270, 278, 279, 280, 281, 282, 283, 284, 285, 286, 287, 288, 289, 290, 291, 292, 294, 300, 301, 302, 303, 304, 305, 306, 309, 312, 314, 317, 324, 330, 331, 332, 333, 336, 337, 339, 340, 341, 343, 346, 348, 351, 352, 353, 354, 356, 359, 364, 367, 370, 371, 373, 374, 375, 377, 379, 386, 387, 390, 391, 392, 397, 402, 405, 406, 408, 410, 413, 414, 416, 418, 420, 421, 426, 427, 429, 435, 443, 445, 446, 450, 453, 454, 456, 458, 459, 460, 461, 464, 477, 482, 494, 501, 502, 505, 506, 512, 517, 518, 519, 521, 524, 527, 529, 533, 540, 553, 554, 556, 561, 565, 566, 567, 568, 569, 572, 575, 576, 580, 581, 582, 583, 584, 585, 588, 591, 607, 608, 610, 612, 613, 620, 627, 628, 629, 630, 633, 634, 635, 636, 637, 640, 641, 646, 648, 651, 656, 657, 659, 666, 669, 672, 673, 674, 675, 678, 680, 683, 686, 691, 694, 697, 699, 702, 703, 704, 705, 708, 711, 714, 716, 717, 721, 722, 723, 726, 727, 728, 732, 734, 737, 738, 740, 743, 746, 749, 750, 751, 754, 755, 757], "summary": {"covered_lines": 300, "num_statements": 322, "percent_covered": 93.16770186335404, "percent_covered_display": "93", "missing_lines": 22, "excluded_lines": 0}, "missing_lines": [100, 263, 264, 265, 293, 295, 298, 307, 308, 318, 319, 320, 321, 338, 347, 422, 447, 507, 545, 718, 719, 720], "excluded_lines": []}, "src/geodense/main.py": {"executed_lines": [1, 2, 3, 4, 5, 7, 9, 10, 15, 17, 20, 21, 22, 23, 24, 25, 26, 27, 28, 34, 37, 38, 46, 56, 57, 62, 63, 65, 66, 67, 69, 70, 73, 74, 82, 84, 89, 90, 92, 100, 107, 115, 119, 127, 129, 136, 137, 144, 152, 155, 157, 158, 160, 161, 162, 163, 164, 165, 166, 167, 168, 171], "summary": {"covered_lines": 62, "num_statements": 64, "percent_covered": 96.875, "percent_covered_display": "97", "missing_lines": 2, "excluded_lines": 1}, "missing_lines": [31, 32], "excluded_lines": [172]}, "src/geodense/models.py": {"executed_lines": [1, 3, 5, 6, 7, 10, 11, 14, 15, 17, 23, 25, 26, 31, 32, 33, 34, 35, 36, 37, 42, 44, 46, 47, 51, 52, 55, 58, 59, 60, 61, 62, 65, 66, 68, 69, 71], "summary": {"covered_lines": 37, "num_statements": 42, "percent_covered": 88.0952380952381, "percent_covered_display": "88", "missing_lines": 5, "excluded_lines": 0}, "missing_lines": [39, 43, 53, 56, 70], "excluded_lines": []}}, "totals": {"covered_lines": 438, "num_statements": 473, "percent_covered": 92.60042283298097, "percent_covered_display": "93", "missing_lines": 35, "excluded_lines": 1}}