{"meta": {"version": "7.3.1", "timestamp": "2023-11-29T13:47:10.933735", "branch_coverage": false, "show_contexts": false}, "files": {"src/geodense/__init__.py": {"executed_lines": [1, 2, 3, 4, 6, 8, 9, 12, 13, 14, 15, 16, 19, 20, 21, 22, 23, 24, 31, 45, 46, 47, 48, 49, 50], "summary": {"covered_lines": 25, "num_statements": 25, "percent_covered": 100.0, "percent_covered_display": "100", "missing_lines": 0, "excluded_lines": 0}, "missing_lines": [], "excluded_lines": []}, "src/geodense/geojson.py": {"executed_lines": [1, 2, 4, 5, 7, 10, 13, 16, 17, 18, 21, 22, 24, 25, 26, 28, 30, 31, 33, 36, 40], "summary": {"covered_lines": 21, "num_statements": 24, "percent_covered": 87.5, "percent_covered_display": "88", "missing_lines": 3, "excluded_lines": 0}, "missing_lines": [27, 32, 37], "excluded_lines": []}, "src/geodense/lib.py": {"executed_lines": [1, 2, 3, 4, 5, 6, 7, 9, 19, 20, 21, 22, 23, 25, 26, 27, 29, 30, 31, 32, 33, 37, 38, 39, 42, 43, 44, 45, 48, 51, 52, 54, 55, 57, 62, 63, 64, 65, 67, 68, 69, 70, 73, 76, 81, 85, 88, 94, 96, 97, 98, 99, 100, 103, 107, 108, 109, 112, 137, 139, 140, 141, 142, 145, 150, 151, 152, 153, 156, 158, 161, 169, 170, 171, 172, 173, 174, 175, 176, 177, 178, 179, 180, 181, 182, 183, 185, 191, 192, 193, 194, 195, 196, 197, 200, 203, 204, 207, 212, 215, 216, 218, 220, 223, 224, 226, 228, 230, 231, 236, 237, 239, 245, 253, 255, 256, 260, 261, 263, 265, 266, 267, 268, 271, 284, 290, 295, 298, 301, 302, 304, 305, 306, 308, 310, 317, 318, 321, 322, 323, 328, 329, 330, 341, 342, 343, 347, 348, 351, 357, 358, 359, 360, 363, 364, 367, 369, 370, 375, 381, 382, 383, 384, 387, 388, 390, 391, 392, 394, 397, 399, 402, 403, 404, 405, 407, 410, 415, 417, 418, 419, 421, 422, 424, 426, 429, 430, 434, 436, 437, 438, 442, 443, 444, 445, 448, 460, 467, 468, 471, 472, 479, 483, 484, 485, 486, 488, 494, 499, 500, 501, 503, 506, 509, 511, 515, 522, 535, 536, 538, 543, 547, 548, 549, 550, 551, 554, 557, 558, 562, 563, 564, 565, 566, 567, 570, 573, 589, 590, 592, 594, 595, 602, 609, 610, 611, 612, 615, 616, 617, 618, 619, 622, 627, 630, 635, 636, 638, 639, 646, 649, 652, 653, 654, 655, 658, 660, 663, 666, 671, 674, 677, 679, 682, 685, 688, 690, 691, 692, 693, 694, 695, 696, 697, 700, 701, 705, 707, 710, 711, 713, 716, 719], "summary": {"covered_lines": 293, "num_statements": 308, "percent_covered": 95.12987012987013, "percent_covered_display": "95", "missing_lines": 15, "excluded_lines": 0}, "missing_lines": [184, 186, 189, 198, 199, 232, 257, 344, 345, 346, 389, 398, 432, 473, 527], "excluded_lines": []}, "src/geodense/main.py": {"executed_lines": [1, 2, 3, 4, 5, 6, 8, 10, 11, 16, 18, 21, 22, 23, 24, 25, 26, 27, 28, 29, 35, 38, 39, 47, 57, 58, 63, 64, 66, 67, 68, 70, 71, 74, 75, 76, 77, 81, 87, 88, 90, 95, 96, 98, 106, 113, 121, 125, 133, 135, 142, 143, 150, 158, 161, 163, 164, 166, 167, 168, 169, 170, 171, 172, 173, 174, 177], "summary": {"covered_lines": 67, "num_statements": 69, "percent_covered": 97.10144927536231, "percent_covered_display": "97", "missing_lines": 2, "excluded_lines": 1}, "missing_lines": [32, 33], "excluded_lines": [178]}, "src/geodense/models.py": {"executed_lines": [1, 2, 4, 5, 6, 9, 10, 13, 14, 16, 22, 24, 25, 29, 30, 31, 32, 33, 34, 35, 36, 37, 44, 46, 48, 49, 53, 54, 57, 60, 61, 62, 63, 64, 67, 68, 70, 71, 73], "summary": {"covered_lines": 39, "num_statements": 44, "percent_covered": 88.63636363636364, "percent_covered_display": "89", "missing_lines": 5, "excluded_lines": 0}, "missing_lines": [41, 45, 55, 58, 72], "excluded_lines": []}, "src/geodense/types.py": {"executed_lines": [1, 3, 13, 15, 17, 19, 23], "summary": {"covered_lines": 7, "num_statements": 7, "percent_covered": 100.0, "percent_covered_display": "100", "missing_lines": 0, "excluded_lines": 0}, "missing_lines": [], "excluded_lines": []}}, "totals": {"covered_lines": 452, "num_statements": 477, "percent_covered": 94.75890985324948, "percent_covered_display": "95", "missing_lines": 25, "excluded_lines": 1}}