{"meta": {"version": "7.3.1", "timestamp": "2023-11-22T13:48:01.559143", "branch_coverage": false, "show_contexts": false}, "files": {"src/geodense/__init__.py": {"executed_lines": [1, 2, 4, 7, 8, 9, 10, 11, 14, 15, 16, 17, 18, 19, 26, 40, 41, 42, 43, 44, 45], "summary": {"covered_lines": 21, "num_statements": 21, "percent_covered": 100.0, "percent_covered_display": "100", "missing_lines": 0, "excluded_lines": 0}, "missing_lines": [], "excluded_lines": []}, "src/geodense/geojson.py": {"executed_lines": [1, 2, 4, 5, 7, 10, 13, 16, 17, 18, 21, 22, 24, 30, 31, 33, 36, 40], "summary": {"covered_lines": 18, "num_statements": 24, "percent_covered": 75.0, "percent_covered_display": "75", "missing_lines": 6, "excluded_lines": 0}, "missing_lines": [25, 26, 27, 28, 32, 37], "excluded_lines": []}, "src/geodense/lib.py": {"executed_lines": [1, 2, 3, 4, 5, 6, 7, 9, 17, 18, 19, 20, 22, 23, 24, 26, 27, 28, 30, 32, 40, 41, 42, 45, 50, 51, 52, 53, 56, 60, 61, 62, 63, 65, 71, 76, 78, 79, 80, 82, 83, 85, 87, 90, 91, 95, 97, 98, 99, 103, 104, 105, 106, 109, 115, 116, 117, 118, 121, 122, 125, 127, 128, 131, 134, 135, 137, 138, 140, 145, 146, 147, 148, 150, 151, 152, 153, 156, 159, 164, 168, 171, 177, 179, 180, 181, 182, 183, 186, 190, 191, 192, 195, 220, 222, 223, 225, 226, 229, 234, 235, 238, 239, 242, 243, 244, 255, 256, 257, 261, 262, 265, 273, 274, 275, 276, 277, 278, 279, 280, 281, 282, 283, 284, 285, 286, 287, 289, 295, 296, 297, 298, 299, 300, 301, 304, 307, 308, 311, 318, 324, 325, 326, 327, 330, 331, 333, 334, 335, 337, 340, 342, 345, 346, 347, 348, 350, 353, 358, 361, 364, 365, 367, 368, 369, 371, 373, 380, 381, 384, 385, 386, 391, 396, 399, 400, 402, 404, 407, 408, 410, 412, 414, 415, 420, 421, 423, 429, 437, 439, 440, 444, 447, 448, 450, 452, 453, 454, 455, 458, 471, 476, 488, 495, 496, 499, 500, 506, 511, 512, 513, 515, 518, 521, 523, 527, 534, 547, 548, 550, 555, 559, 560, 561, 562, 563, 566, 569, 570, 574, 575, 576, 577, 578, 579, 582, 585, 601, 602, 604, 606, 607, 614, 621, 622, 623, 624, 627, 628, 629, 630, 631, 634, 635, 640, 642, 645, 650, 651, 653, 654, 659, 662, 665, 666, 667, 668, 671, 673, 676, 679, 684, 687, 690, 692, 695, 696, 697, 698, 701, 704, 707, 709, 710, 714, 715, 716, 719, 720, 721, 725, 727, 730, 731, 733, 736, 739], "summary": {"covered_lines": 297, "num_statements": 319, "percent_covered": 93.10344827586206, "percent_covered_display": "93", "missing_lines": 22, "excluded_lines": 0}, "missing_lines": [93, 258, 259, 260, 288, 290, 293, 302, 303, 312, 313, 314, 315, 332, 341, 416, 441, 501, 539, 711, 712, 713], "excluded_lines": []}, "src/geodense/main.py": {"executed_lines": [1, 2, 3, 4, 5, 7, 9, 10, 15, 17, 20, 21, 22, 23, 24, 25, 26, 27, 28, 34, 37, 38, 46, 56, 57, 62, 63, 65, 66, 67, 69, 70, 73, 74, 82, 84, 89, 90, 92, 100, 107, 115, 119, 127, 129, 136, 137, 144, 152, 155, 157, 158, 160, 161, 162, 163, 164, 165, 166, 167, 168, 171], "summary": {"covered_lines": 62, "num_statements": 64, "percent_covered": 96.875, "percent_covered_display": "97", "missing_lines": 2, "excluded_lines": 1}, "missing_lines": [31, 32], "excluded_lines": [172]}, "src/geodense/models.py": {"executed_lines": [1, 3, 4, 6, 7, 8, 11, 12, 15, 16, 18, 24, 26, 27, 32, 33, 34, 35, 36, 37, 38, 43, 45, 47, 48, 52, 53, 56, 59, 60, 61, 62, 63, 66, 67, 69, 70, 72], "summary": {"covered_lines": 38, "num_statements": 43, "percent_covered": 88.37209302325581, "percent_covered_display": "88", "missing_lines": 5, "excluded_lines": 0}, "missing_lines": [40, 44, 54, 57, 71], "excluded_lines": []}, "src/geodense/types.py": {"executed_lines": [1, 3, 13, 15, 17, 21], "summary": {"covered_lines": 6, "num_statements": 6, "percent_covered": 100.0, "percent_covered_display": "100", "missing_lines": 0, "excluded_lines": 0}, "missing_lines": [], "excluded_lines": []}}, "totals": {"covered_lines": 442, "num_statements": 477, "percent_covered": 92.66247379454927, "percent_covered_display": "93", "missing_lines": 35, "excluded_lines": 1}}