{"meta": {"version": "7.4.0", "timestamp": "2024-01-04T11:16:26.207119", "branch_coverage": false, "show_contexts": false}, "files": {"src/geodense/__init__.py": {"executed_lines": [1, 2, 3, 4, 5, 7, 9, 10, 13, 14, 15, 16, 17, 20, 21, 22, 23, 24, 25, 32, 46, 47, 48, 49, 50, 51], "summary": {"covered_lines": 26, "num_statements": 26, "percent_covered": 100.0, "percent_covered_display": "100", "missing_lines": 0, "excluded_lines": 0}, "missing_lines": [], "excluded_lines": []}, "src/geodense/geojson.py": {"executed_lines": [1, 2, 4, 5, 7, 10, 13, 16, 17, 18, 21, 22, 23, 25, 26, 27, 28, 30, 32, 33, 35, 38, 42], "summary": {"covered_lines": 23, "num_statements": 26, "percent_covered": 88.46153846153847, "percent_covered_display": "88", "missing_lines": 3, "excluded_lines": 0}, "missing_lines": [29, 34, 39], "excluded_lines": []}, "src/geodense/lib.py": {"executed_lines": [1, 2, 3, 4, 5, 6, 7, 8, 10, 20, 21, 22, 23, 24, 25, 27, 28, 29, 38, 39, 40, 41, 42, 46, 49, 50, 51, 52, 55, 58, 59, 61, 62, 64, 70, 71, 72, 73, 75, 76, 77, 78, 81, 84, 88, 92, 95, 101, 103, 104, 105, 106, 107, 111, 116, 117, 121, 122, 125, 150, 152, 153, 154, 155, 158, 163, 164, 165, 166, 169, 171, 174, 181, 183, 184, 185, 186, 187, 188, 189, 192, 193, 194, 195, 196, 198, 199, 202, 203, 209, 210, 211, 212, 213, 214, 216, 217, 219, 222, 223, 224, 225, 229, 234, 237, 238, 240, 242, 245, 250, 251, 253, 255, 257, 258, 263, 264, 266, 272, 280, 282, 283, 287, 288, 290, 292, 293, 294, 295, 296, 297, 300, 313, 319, 320, 323, 328, 331, 334, 335, 337, 338, 339, 341, 343, 350, 351, 354, 355, 356, 361, 362, 363, 374, 375, 376, 380, 381, 384, 389, 390, 392, 395, 396, 397, 400, 402, 408, 409, 410, 411, 414, 420, 422, 423, 424, 425, 428, 431, 432, 434, 435, 436, 437, 442, 443, 444, 445, 448, 452, 455, 458, 459, 460, 461, 463, 466, 471, 473, 474, 475, 477, 478, 480, 483, 486, 487, 491, 492, 494, 495, 498, 499, 500, 503, 504, 505, 506, 507, 510, 522, 529, 530, 533, 534, 535, 540, 545, 546, 547, 549, 550, 551, 552, 554, 562, 567, 568, 569, 571, 574, 577, 579, 583, 590, 603, 604, 606, 611, 615, 616, 617, 618, 619, 622, 625, 626, 629, 630, 631, 632, 633, 634, 637, 640, 656, 657, 659, 661, 662, 669, 676, 677, 678, 679, 682, 683, 684, 685, 686, 689, 693, 696, 699, 700, 702, 707, 710, 713, 714, 715, 716, 719, 721, 724, 727, 728, 731, 736, 737, 739, 742, 745, 748, 749, 750, 751, 752, 753, 754, 755, 756, 759, 760, 764, 766, 767, 769, 770, 771, 773, 774, 775, 779, 782], "summary": {"covered_lines": 325, "num_statements": 344, "percent_covered": 94.47674418604652, "percent_covered_display": "94", "missing_lines": 19, "excluded_lines": 0}, "missing_lines": [200, 204, 207, 218, 226, 246, 259, 284, 377, 378, 379, 393, 433, 438, 439, 453, 481, 488, 595], "excluded_lines": []}, "src/geodense/main.py": {"executed_lines": [1, 2, 3, 4, 5, 6, 8, 10, 11, 16, 17, 19, 22, 23, 24, 25, 26, 27, 28, 29, 30, 36, 39, 40, 48, 58, 59, 65, 69, 71, 72, 73, 75, 76, 79, 80, 81, 82, 83, 87, 93, 94, 96, 101, 102, 104, 112, 119, 127, 131, 139, 141, 148, 149, 156, 163, 171, 174, 176, 177, 179, 180, 181, 182, 183, 184, 185, 186, 187, 190], "summary": {"covered_lines": 70, "num_statements": 72, "percent_covered": 97.22222222222223, "percent_covered_display": "97", "missing_lines": 2, "excluded_lines": 1}, "missing_lines": [33, 34], "excluded_lines": [191]}, "src/geodense/models.py": {"executed_lines": [1, 2, 4, 5, 6, 9, 10, 13, 14, 16, 22, 24, 25, 29, 30, 31, 32, 33, 34, 35, 36, 37, 44, 46, 48, 49, 53, 54, 57, 60, 61, 62, 63, 64, 67, 68, 70, 71, 73], "summary": {"covered_lines": 39, "num_statements": 44, "percent_covered": 88.63636363636364, "percent_covered_display": "89", "missing_lines": 5, "excluded_lines": 0}, "missing_lines": [41, 45, 55, 58, 72], "excluded_lines": []}, "src/geodense/types.py": {"executed_lines": [1, 2, 4, 14, 15, 23, 25, 27, 31, 35, 44, 46], "summary": {"covered_lines": 12, "num_statements": 12, "percent_covered": 100.0, "percent_covered_display": "100", "missing_lines": 0, "excluded_lines": 0}, "missing_lines": [], "excluded_lines": []}}, "totals": {"covered_lines": 495, "num_statements": 524, "percent_covered": 94.46564885496183, "percent_covered_display": "94", "missing_lines": 29, "excluded_lines": 1}}