{"meta": {"version": "7.3.1", "timestamp": "2023-11-28T12:42:38.781788", "branch_coverage": false, "show_contexts": false}, "files": {"src/geodense/__init__.py": {"executed_lines": [1, 2, 3, 4, 6, 8, 9, 12, 13, 14, 15, 16, 19, 20, 21, 22, 23, 24, 31, 45, 46, 47, 48, 49, 50], "summary": {"covered_lines": 25, "num_statements": 25, "percent_covered": 100.0, "percent_covered_display": "100", "missing_lines": 0, "excluded_lines": 0}, "missing_lines": [], "excluded_lines": []}, "src/geodense/geojson.py": {"executed_lines": [1, 2, 4, 5, 7, 10, 13, 16, 17, 18, 21, 22, 24, 25, 26, 28, 30, 31, 33, 36, 40], "summary": {"covered_lines": 21, "num_statements": 24, "percent_covered": 87.5, "percent_covered_display": "88", "missing_lines": 3, "excluded_lines": 0}, "missing_lines": [27, 32, 37], "excluded_lines": []}, "src/geodense/lib.py": {"executed_lines": [1, 2, 3, 4, 5, 6, 7, 9, 19, 20, 21, 22, 23, 25, 26, 27, 29, 30, 31, 32, 33, 37, 38, 39, 42, 43, 44, 45, 48, 51, 52, 54, 55, 57, 62, 63, 64, 65, 67, 68, 69, 70, 73, 76, 81, 85, 88, 94, 96, 97, 98, 99, 100, 103, 107, 108, 109, 112, 137, 139, 140, 142, 143, 146, 151, 152, 153, 154, 157, 158, 161, 169, 170, 171, 172, 173, 174, 175, 176, 177, 178, 179, 180, 181, 182, 183, 185, 191, 192, 193, 194, 195, 196, 197, 200, 203, 204, 207, 212, 215, 216, 218, 220, 223, 224, 226, 228, 230, 231, 236, 237, 239, 245, 253, 255, 256, 260, 263, 264, 266, 268, 269, 270, 271, 274, 287, 293, 298, 301, 304, 305, 307, 308, 309, 311, 313, 320, 321, 324, 325, 326, 331, 332, 333, 344, 345, 346, 350, 351, 354, 360, 361, 362, 363, 366, 367, 370, 372, 373, 378, 384, 385, 386, 387, 390, 391, 393, 394, 395, 397, 400, 402, 405, 406, 407, 408, 410, 413, 418, 420, 421, 422, 424, 425, 427, 429, 432, 433, 437, 439, 440, 441, 445, 446, 447, 448, 451, 463, 470, 471, 474, 475, 481, 485, 486, 487, 488, 490, 496, 501, 502, 503, 505, 508, 511, 513, 517, 524, 537, 538, 540, 545, 549, 550, 551, 552, 553, 556, 559, 560, 564, 565, 566, 567, 568, 569, 572, 575, 591, 592, 594, 596, 597, 604, 611, 612, 613, 614, 617, 618, 619, 620, 621, 624, 629, 632, 637, 638, 640, 641, 648, 651, 654, 655, 656, 657, 660, 662, 665, 668, 673, 676, 679, 681, 684, 687, 690, 692, 693, 694, 695, 696, 697, 698, 699, 702, 703, 707, 709, 712, 713, 715, 718, 721], "summary": {"covered_lines": 294, "num_statements": 309, "percent_covered": 95.14563106796116, "percent_covered_display": "95", "missing_lines": 15, "excluded_lines": 0}, "missing_lines": [184, 186, 189, 198, 199, 232, 257, 347, 348, 349, 392, 401, 435, 476, 529], "excluded_lines": []}, "src/geodense/main.py": {"executed_lines": [1, 2, 3, 4, 5, 6, 8, 10, 11, 16, 18, 21, 22, 23, 24, 25, 26, 27, 28, 29, 35, 38, 39, 47, 57, 58, 63, 64, 66, 67, 68, 70, 71, 74, 75, 76, 77, 81, 87, 88, 90, 95, 96, 98, 106, 113, 121, 125, 133, 135, 142, 143, 150, 158, 161, 163, 164, 166, 167, 168, 169, 170, 171, 172, 173, 174, 177], "summary": {"covered_lines": 67, "num_statements": 69, "percent_covered": 97.10144927536231, "percent_covered_display": "97", "missing_lines": 2, "excluded_lines": 1}, "missing_lines": [32, 33], "excluded_lines": [178]}, "src/geodense/models.py": {"executed_lines": [1, 2, 4, 5, 6, 9, 10, 13, 14, 16, 22, 24, 25, 30, 31, 32, 33, 34, 35, 36, 41, 43, 45, 46, 50, 51, 54, 57, 58, 59, 60, 61, 64, 65, 67, 68, 70], "summary": {"covered_lines": 37, "num_statements": 42, "percent_covered": 88.0952380952381, "percent_covered_display": "88", "missing_lines": 5, "excluded_lines": 0}, "missing_lines": [38, 42, 52, 55, 69], "excluded_lines": []}, "src/geodense/types.py": {"executed_lines": [1, 3, 13, 15, 17, 19, 23], "summary": {"covered_lines": 7, "num_statements": 7, "percent_covered": 100.0, "percent_covered_display": "100", "missing_lines": 0, "excluded_lines": 0}, "missing_lines": [], "excluded_lines": []}}, "totals": {"covered_lines": 451, "num_statements": 476, "percent_covered": 94.74789915966386, "percent_covered_display": "95", "missing_lines": 25, "excluded_lines": 1}}