{"meta": {"version": "7.3.1", "timestamp": "2023-09-20T14:12:40.787361", "branch_coverage": false, "show_contexts": false}, "files": {"src/geodense/__init__.py": {"executed_lines": [1], "summary": {"covered_lines": 0, "num_statements": 0, "percent_covered": 100.0, "percent_covered_display": "100", "missing_lines": 0, "excluded_lines": 0}, "missing_lines": [], "excluded_lines": []}, "src/geodense/lib.py": {"executed_lines": [1, 2, 3, 4, 5, 6, 8, 9, 10, 12, 13, 14, 20, 21, 22, 25, 32, 34, 36, 37, 40, 42, 50, 61, 68, 69, 70, 75, 81, 83, 92, 99, 101, 102, 103, 105, 106, 107, 108, 110, 111, 116, 118, 123, 124, 125, 131, 132, 133, 134, 139, 142, 143, 147, 148, 149, 150, 151, 152, 155, 158, 160, 161, 162, 164, 166, 171, 172, 175, 176, 177, 182, 184, 185, 186, 187, 188, 189, 191, 195, 203, 209, 216, 217, 218, 219, 220, 224, 226, 228, 229, 231, 232, 235, 236, 239, 242, 243, 244, 245, 252, 255, 258, 259, 260, 261, 262, 263, 264, 265, 266, 267, 268, 269, 272, 279, 280, 281, 282, 285, 288, 290, 298, 299, 301, 302, 303, 304, 305, 307, 308, 309, 312, 315, 318, 319, 321, 322, 324, 329, 330, 331, 332, 334, 335, 336, 337, 340, 359, 360, 361, 362, 363, 364, 368, 369, 371, 376, 377, 378, 383, 384, 387, 388, 391, 392, 393, 394, 395, 398, 399, 400, 401, 402], "summary": {"covered_lines": 174, "num_statements": 175, "percent_covered": 99.42857142857143, "percent_covered_display": "99", "missing_lines": 1, "excluded_lines": 0}, "missing_lines": [385], "excluded_lines": []}, "src/geodense/main.py": {"executed_lines": [1, 2, 4, 6, 14, 26, 38, 39, 47, 49, 54, 55, 56, 63, 70, 78, 80, 87, 88, 95, 102, 104, 105, 109, 110, 111, 112, 118], "summary": {"covered_lines": 28, "num_statements": 40, "percent_covered": 70.0, "percent_covered_display": "70", "missing_lines": 12, "excluded_lines": 0}, "missing_lines": [21, 27, 28, 30, 31, 32, 34, 35, 113, 114, 115, 119], "excluded_lines": []}}, "totals": {"covered_lines": 202, "num_statements": 215, "percent_covered": 93.95348837209302, "percent_covered_display": "94", "missing_lines": 13, "excluded_lines": 0}}