{"meta": {"version": "7.3.1", "timestamp": "2023-11-24T23:22:00.105669", "branch_coverage": false, "show_contexts": false}, "files": {"src/geodense/__init__.py": {"executed_lines": [1, 2, 3, 4, 6, 8, 9, 12, 13, 14, 15, 16, 19, 20, 21, 22, 23, 24, 31, 45, 46, 47, 48, 49, 50], "summary": {"covered_lines": 25, "num_statements": 25, "percent_covered": 100.0, "percent_covered_display": "100", "missing_lines": 0, "excluded_lines": 0}, "missing_lines": [], "excluded_lines": []}, "src/geodense/geojson.py": {"executed_lines": [1, 2, 4, 5, 7, 10, 13, 16, 17, 18, 21, 22, 24, 25, 26, 28, 30, 31, 33, 36, 40], "summary": {"covered_lines": 21, "num_statements": 24, "percent_covered": 87.5, "percent_covered_display": "88", "missing_lines": 3, "excluded_lines": 0}, "missing_lines": [27, 32, 37], "excluded_lines": []}, "src/geodense/lib.py": {"executed_lines": [1, 2, 3, 4, 5, 6, 7, 9, 19, 20, 21, 22, 23, 25, 26, 27, 29, 30, 31, 33, 35, 43, 44, 45, 48, 53, 54, 55, 56, 59, 63, 64, 65, 66, 68, 74, 79, 81, 82, 83, 85, 86, 88, 90, 93, 94, 98, 100, 101, 102, 106, 107, 108, 109, 112, 118, 119, 120, 121, 124, 125, 128, 130, 131, 134, 137, 138, 140, 141, 143, 148, 149, 150, 151, 153, 154, 155, 156, 159, 162, 167, 171, 174, 180, 182, 183, 184, 185, 186, 189, 193, 194, 195, 198, 223, 225, 226, 228, 229, 232, 237, 238, 239, 240, 243, 244, 247, 248, 249, 260, 261, 262, 266, 267, 270, 278, 279, 280, 281, 282, 283, 284, 285, 286, 287, 288, 289, 290, 291, 292, 294, 300, 301, 302, 303, 304, 305, 306, 309, 312, 313, 316, 323, 329, 330, 331, 332, 335, 336, 338, 339, 340, 342, 345, 347, 350, 351, 352, 353, 355, 358, 363, 366, 369, 370, 372, 373, 374, 376, 378, 385, 386, 389, 390, 391, 396, 401, 404, 405, 407, 409, 412, 413, 415, 417, 419, 420, 425, 426, 428, 434, 442, 444, 445, 449, 452, 453, 455, 457, 458, 459, 460, 463, 476, 482, 494, 501, 502, 505, 506, 512, 517, 518, 519, 521, 524, 527, 529, 533, 540, 553, 554, 556, 561, 565, 566, 567, 568, 569, 572, 575, 576, 580, 581, 582, 583, 584, 585, 588, 591, 607, 608, 610, 612, 613, 620, 627, 628, 629, 630, 633, 634, 635, 636, 637, 640, 641, 646, 648, 651, 656, 657, 659, 660, 665, 668, 671, 672, 673, 674, 677, 679, 682, 685, 690, 693, 696, 698, 701, 702, 703, 704, 707, 708, 711, 713, 714, 715, 716, 717, 718, 719, 720, 723, 724, 725, 729, 731, 734, 735, 737, 740, 743], "summary": {"covered_lines": 303, "num_statements": 322, "percent_covered": 94.09937888198758, "percent_covered_display": "94", "missing_lines": 19, "excluded_lines": 0}, "missing_lines": [96, 263, 264, 265, 293, 295, 298, 307, 308, 317, 318, 319, 320, 337, 346, 421, 446, 507, 545], "excluded_lines": []}, "src/geodense/main.py": {"executed_lines": [1, 2, 3, 4, 5, 6, 8, 10, 11, 16, 18, 21, 22, 23, 24, 25, 26, 27, 28, 29, 35, 38, 39, 47, 57, 58, 63, 64, 66, 67, 68, 70, 71, 74, 75, 81, 82, 84, 89, 90, 92, 100, 107, 115, 119, 127, 129, 136, 137, 144, 152, 155, 157, 158, 160, 161, 162, 163, 164, 165, 166, 167, 168, 171], "summary": {"covered_lines": 64, "num_statements": 66, "percent_covered": 96.96969696969697, "percent_covered_display": "97", "missing_lines": 2, "excluded_lines": 1}, "missing_lines": [32, 33], "excluded_lines": [172]}, "src/geodense/models.py": {"executed_lines": [1, 2, 4, 5, 6, 9, 10, 13, 14, 16, 22, 24, 25, 30, 31, 32, 33, 34, 35, 36, 41, 43, 45, 46, 50, 51, 54, 57, 58, 59, 60, 61, 64, 65, 67, 68, 70], "summary": {"covered_lines": 37, "num_statements": 42, "percent_covered": 88.0952380952381, "percent_covered_display": "88", "missing_lines": 5, "excluded_lines": 0}, "missing_lines": [38, 42, 52, 55, 69], "excluded_lines": []}, "src/geodense/types.py": {"executed_lines": [1, 3, 13, 15, 17, 21], "summary": {"covered_lines": 6, "num_statements": 6, "percent_covered": 100.0, "percent_covered_display": "100", "missing_lines": 0, "excluded_lines": 0}, "missing_lines": [], "excluded_lines": []}}, "totals": {"covered_lines": 456, "num_statements": 485, "percent_covered": 94.02061855670104, "percent_covered_display": "94", "missing_lines": 29, "excluded_lines": 1}}