{"meta": {"version": "7.3.1", "timestamp": "2023-10-26T14:57:51.854082", "branch_coverage": false, "show_contexts": false}, "files": {"src/geodense/__init__.py": {"executed_lines": [1], "summary": {"covered_lines": 0, "num_statements": 0, "percent_covered": 100.0, "percent_covered_display": "100", "missing_lines": 0, "excluded_lines": 0}, "missing_lines": [], "excluded_lines": []}, "src/geodense/lib.py": {"executed_lines": [1, 2, 3, 4, 5, 6, 7, 8, 10, 11, 12, 14, 16, 24, 30, 39, 41, 42, 43, 44, 47, 52, 54, 55, 56, 58, 66, 71, 73, 74, 75, 77, 78, 80, 82, 85, 86, 90, 92, 93, 94, 97, 98, 99, 100, 103, 109, 110, 111, 112, 115, 118, 120, 121, 124, 130, 131, 137, 139, 140, 142, 143, 144, 145, 147, 149, 150, 151, 152, 155, 158, 159, 161, 162, 164, 169, 170, 171, 172, 174, 175, 176, 177, 180, 183, 188, 194, 195, 196, 197, 198, 199, 200, 201, 202, 203, 204, 205, 206, 207, 208, 209, 210, 211, 214, 223, 224, 225, 226, 228, 229, 230, 231, 232, 233, 234, 235, 236, 237, 238, 241, 243, 244, 246, 247, 251, 252, 255, 281, 283, 285, 287, 288, 289, 290, 292, 293, 294, 297, 299, 300, 307, 308, 314, 317, 318, 319, 320, 321, 322, 323, 326, 329, 330, 334, 337, 340, 341, 342, 343, 348, 349, 350, 351, 352, 355, 365, 366, 367, 368, 371, 376, 379, 382, 383, 385, 386, 387, 389, 391, 398, 399, 402, 403, 404, 409, 414, 417, 418, 420, 422, 425, 426, 428, 430, 432, 433, 434, 436, 442, 450, 451, 452, 456, 459, 460, 462, 464, 465, 466, 467, 468, 481, 486, 498, 505, 506, 509, 510, 511, 516, 521, 522, 524, 525, 529, 530, 534, 535, 542, 543, 545, 546, 550, 551, 552, 556, 559, 560, 564, 565, 566, 567, 568, 569, 572, 575, 591, 592, 594, 596, 597, 604, 611, 612, 613, 614, 617, 618, 619, 620, 621, 624, 627, 628, 629, 630, 633, 636, 655, 656, 657, 658, 659, 660, 665, 666, 668, 673, 674, 675, 680, 681, 682, 685, 691, 692, 695, 696, 698], "summary": {"covered_lines": 290, "num_statements": 297, "percent_covered": 97.64309764309765, "percent_covered_display": "98", "missing_lines": 7, "excluded_lines": 0}, "missing_lines": [88, 315, 453, 553, 686, 687, 688], "excluded_lines": []}, "src/geodense/main.py": {"executed_lines": [1, 2, 3, 5, 6, 7, 9, 15, 17, 20, 22, 23, 24, 25, 26, 27, 28, 29, 33, 34, 36, 39, 42, 43, 46, 47, 48, 49, 50, 51, 54, 63, 64, 73, 74, 75, 78, 84, 85, 86, 88, 89, 90, 92, 93, 94, 95, 96, 99, 100, 108, 110, 115, 117, 122, 123, 125, 132, 139, 146, 154, 162, 164, 171, 172, 179, 186, 193, 195, 196, 198, 199, 200, 201, 202, 203, 204, 207], "summary": {"covered_lines": 78, "num_statements": 78, "percent_covered": 100.0, "percent_covered_display": "100", "missing_lines": 0, "excluded_lines": 1}, "missing_lines": [], "excluded_lines": [208]}, "src/geodense/models.py": {"executed_lines": [1, 3, 5, 6, 7, 10, 11, 13, 19, 21, 22, 27, 28, 29, 30, 31, 32, 33, 38, 40, 42, 43, 47, 48, 51, 54, 55, 56, 57, 58, 61, 62, 64, 65, 67], "summary": {"covered_lines": 35, "num_statements": 40, "percent_covered": 87.5, "percent_covered_display": "88", "missing_lines": 5, "excluded_lines": 0}, "missing_lines": [35, 39, 49, 52, 66], "excluded_lines": []}}, "totals": {"covered_lines": 403, "num_statements": 415, "percent_covered": 97.10843373493977, "percent_covered_display": "97", "missing_lines": 12, "excluded_lines": 1}}