{"meta": {"version": "7.3.1", "timestamp": "2023-12-08T15:47:27.899348", "branch_coverage": false, "show_contexts": false}, "files": {"src/geodense/__init__.py": {"executed_lines": [1, 2, 3, 4, 6, 8, 9, 12, 13, 14, 15, 16, 19, 20, 21, 22, 23, 24, 31, 45, 46, 47, 48, 49, 50], "summary": {"covered_lines": 25, "num_statements": 25, "percent_covered": 100.0, "percent_covered_display": "100", "missing_lines": 0, "excluded_lines": 0}, "missing_lines": [], "excluded_lines": []}, "src/geodense/geojson.py": {"executed_lines": [1, 2, 4, 5, 7, 10, 13, 16, 17, 18, 21, 22, 24, 25, 26, 28, 30, 31, 33, 36, 40], "summary": {"covered_lines": 21, "num_statements": 24, "percent_covered": 87.5, "percent_covered_display": "88", "missing_lines": 3, "excluded_lines": 0}, "missing_lines": [27, 32, 37], "excluded_lines": []}, "src/geodense/lib.py": {"executed_lines": [1, 2, 3, 4, 5, 6, 7, 9, 19, 20, 21, 22, 23, 24, 26, 27, 28, 37, 38, 39, 40, 41, 45, 48, 49, 50, 51, 54, 57, 58, 60, 61, 63, 69, 70, 71, 72, 74, 75, 76, 77, 80, 83, 87, 91, 94, 100, 102, 103, 104, 105, 106, 109, 114, 115, 119, 120, 123, 148, 150, 151, 152, 153, 156, 161, 162, 163, 164, 167, 169, 172, 179, 181, 182, 183, 184, 185, 186, 187, 190, 191, 192, 193, 194, 196, 197, 200, 201, 207, 208, 209, 210, 211, 212, 214, 215, 217, 220, 221, 222, 223, 227, 232, 235, 236, 238, 240, 243, 247, 248, 250, 252, 254, 255, 260, 261, 263, 269, 277, 279, 280, 284, 285, 287, 289, 290, 291, 292, 295, 308, 314, 315, 318, 323, 326, 329, 330, 332, 333, 334, 336, 338, 345, 346, 349, 350, 351, 356, 357, 358, 369, 370, 371, 375, 376, 379, 384, 385, 387, 390, 391, 392, 395, 397, 403, 409, 410, 411, 412, 415, 416, 418, 419, 420, 422, 425, 427, 430, 431, 432, 433, 435, 438, 443, 445, 446, 447, 449, 450, 452, 455, 458, 459, 463, 464, 467, 470, 471, 472, 475, 476, 477, 478, 479, 482, 494, 501, 502, 505, 506, 507, 512, 517, 518, 519, 521, 522, 523, 525, 533, 538, 539, 540, 542, 545, 548, 550, 554, 561, 574, 575, 577, 582, 586, 587, 588, 589, 590, 593, 596, 597, 600, 601, 602, 603, 604, 605, 608, 611, 627, 628, 630, 632, 633, 640, 647, 648, 649, 650, 653, 654, 655, 656, 657, 660, 664, 667, 670, 671, 673, 678, 681, 684, 685, 686, 687, 690, 692, 695, 698, 699, 702, 707, 708, 710, 713, 716, 719, 721, 722, 723, 724, 725, 726, 727, 728, 731, 732, 736, 738, 739, 741, 742, 743, 745, 746, 747, 751, 754], "summary": {"covered_lines": 309, "num_statements": 327, "percent_covered": 94.4954128440367, "percent_covered_display": "94", "missing_lines": 18, "excluded_lines": 0}, "missing_lines": [198, 202, 205, 216, 224, 244, 256, 281, 372, 373, 374, 388, 417, 426, 453, 460, 466, 566], "excluded_lines": []}, "src/geodense/main.py": {"executed_lines": [1, 2, 3, 4, 5, 6, 8, 10, 11, 16, 17, 19, 22, 23, 24, 25, 26, 27, 28, 29, 30, 36, 39, 40, 48, 58, 59, 65, 69, 71, 72, 73, 75, 76, 79, 80, 81, 82, 86, 92, 93, 95, 100, 101, 103, 111, 118, 126, 130, 138, 140, 147, 148, 155, 162, 170, 173, 175, 176, 178, 179, 180, 181, 182, 183, 184, 185, 186, 189], "summary": {"covered_lines": 69, "num_statements": 71, "percent_covered": 97.1830985915493, "percent_covered_display": "97", "missing_lines": 2, "excluded_lines": 1}, "missing_lines": [33, 34], "excluded_lines": [190]}, "src/geodense/models.py": {"executed_lines": [1, 2, 4, 5, 6, 9, 10, 13, 14, 16, 22, 24, 25, 29, 30, 31, 32, 33, 34, 35, 36, 37, 44, 46, 48, 49, 53, 54, 57, 60, 61, 62, 63, 64, 67, 68, 70, 71, 73], "summary": {"covered_lines": 39, "num_statements": 44, "percent_covered": 88.63636363636364, "percent_covered_display": "89", "missing_lines": 5, "excluded_lines": 0}, "missing_lines": [41, 45, 55, 58, 72], "excluded_lines": []}, "src/geodense/types.py": {"executed_lines": [1, 2, 4, 14, 15, 23, 25, 27, 31, 35, 44, 46], "summary": {"covered_lines": 12, "num_statements": 12, "percent_covered": 100.0, "percent_covered_display": "100", "missing_lines": 0, "excluded_lines": 0}, "missing_lines": [], "excluded_lines": []}}, "totals": {"covered_lines": 475, "num_statements": 503, "percent_covered": 94.43339960238569, "percent_covered_display": "94", "missing_lines": 28, "excluded_lines": 1}}