{"meta": {"version": "7.3.1", "timestamp": "2023-12-05T10:34:39.219525", "branch_coverage": false, "show_contexts": false}, "files": {"src/geodense/__init__.py": {"executed_lines": [1, 2, 3, 4, 6, 8, 9, 12, 13, 14, 15, 16, 19, 20, 21, 22, 23, 24, 31, 45, 46, 47, 48, 49, 50], "summary": {"covered_lines": 25, "num_statements": 25, "percent_covered": 100.0, "percent_covered_display": "100", "missing_lines": 0, "excluded_lines": 0}, "missing_lines": [], "excluded_lines": []}, "src/geodense/geojson.py": {"executed_lines": [1, 2, 4, 5, 7, 10, 13, 16, 17, 18, 21, 22, 24, 25, 26, 28, 30, 31, 33, 36, 40], "summary": {"covered_lines": 21, "num_statements": 24, "percent_covered": 87.5, "percent_covered_display": "88", "missing_lines": 3, "excluded_lines": 0}, "missing_lines": [27, 32, 37], "excluded_lines": []}, "src/geodense/lib.py": {"executed_lines": [1, 2, 3, 4, 5, 6, 7, 9, 19, 20, 21, 22, 23, 24, 26, 27, 28, 37, 38, 39, 40, 41, 45, 48, 49, 50, 51, 54, 57, 58, 60, 61, 63, 69, 70, 71, 72, 74, 75, 76, 77, 80, 83, 87, 91, 94, 100, 102, 103, 104, 105, 106, 109, 114, 115, 119, 120, 123, 148, 150, 151, 152, 153, 156, 161, 162, 163, 164, 167, 169, 172, 180, 182, 183, 184, 185, 186, 187, 188, 191, 192, 193, 194, 195, 197, 198, 201, 202, 208, 209, 210, 211, 212, 213, 215, 216, 217, 220, 222, 225, 226, 227, 228, 232, 237, 240, 241, 243, 245, 248, 252, 253, 255, 257, 259, 260, 265, 266, 268, 274, 282, 284, 285, 289, 290, 292, 294, 295, 296, 297, 300, 313, 319, 320, 323, 328, 331, 334, 335, 337, 338, 339, 341, 343, 350, 351, 354, 355, 356, 361, 362, 363, 374, 375, 376, 380, 381, 384, 389, 390, 392, 395, 396, 397, 400, 402, 408, 414, 415, 416, 417, 420, 421, 423, 424, 425, 427, 430, 432, 435, 436, 437, 438, 440, 443, 448, 450, 451, 452, 454, 455, 457, 460, 463, 464, 468, 469, 472, 475, 476, 477, 480, 481, 482, 483, 484, 487, 499, 506, 507, 510, 511, 512, 517, 522, 523, 524, 526, 527, 528, 530, 538, 543, 544, 545, 547, 550, 553, 555, 559, 566, 579, 580, 582, 587, 591, 592, 593, 594, 595, 598, 601, 602, 605, 606, 607, 608, 609, 610, 613, 616, 632, 633, 635, 637, 638, 645, 652, 653, 654, 655, 658, 659, 660, 661, 662, 665, 669, 672, 676, 677, 679, 684, 687, 690, 691, 692, 693, 696, 698, 701, 704, 708, 711, 716, 717, 719, 722, 725, 728, 730, 731, 732, 733, 734, 735, 736, 737, 740, 741, 745, 747, 748, 750, 751, 752, 754, 755, 756, 760, 763], "summary": {"covered_lines": 311, "num_statements": 331, "percent_covered": 93.95770392749245, "percent_covered_display": "94", "missing_lines": 20, "excluded_lines": 0}, "missing_lines": [199, 203, 206, 218, 219, 221, 229, 249, 261, 286, 377, 378, 379, 393, 422, 431, 458, 465, 471, 571], "excluded_lines": []}, "src/geodense/main.py": {"executed_lines": [1, 2, 3, 4, 5, 6, 8, 10, 11, 16, 17, 19, 22, 23, 24, 25, 26, 27, 28, 29, 30, 36, 39, 40, 48, 58, 59, 65, 69, 71, 72, 73, 75, 76, 79, 80, 81, 82, 86, 92, 93, 95, 100, 101, 103, 111, 118, 126, 130, 138, 140, 147, 148, 155, 162, 170, 173, 175, 176, 178, 179, 180, 181, 182, 183, 184, 185, 186, 189], "summary": {"covered_lines": 69, "num_statements": 71, "percent_covered": 97.1830985915493, "percent_covered_display": "97", "missing_lines": 2, "excluded_lines": 1}, "missing_lines": [33, 34], "excluded_lines": [190]}, "src/geodense/models.py": {"executed_lines": [1, 2, 4, 5, 6, 9, 10, 13, 14, 16, 22, 24, 25, 29, 30, 31, 32, 33, 34, 35, 36, 37, 44, 46, 48, 49, 53, 54, 57, 60, 61, 62, 63, 64, 67, 68, 70, 71, 73], "summary": {"covered_lines": 39, "num_statements": 44, "percent_covered": 88.63636363636364, "percent_covered_display": "89", "missing_lines": 5, "excluded_lines": 0}, "missing_lines": [41, 45, 55, 58, 72], "excluded_lines": []}, "src/geodense/types.py": {"executed_lines": [1, 2, 4, 14, 15, 23, 25, 27, 31, 35, 44, 46], "summary": {"covered_lines": 12, "num_statements": 12, "percent_covered": 100.0, "percent_covered_display": "100", "missing_lines": 0, "excluded_lines": 0}, "missing_lines": [], "excluded_lines": []}}, "totals": {"covered_lines": 477, "num_statements": 507, "percent_covered": 94.0828402366864, "percent_covered_display": "94", "missing_lines": 30, "excluded_lines": 1}}