{"meta": {"format": 2, "version": "7.5.1", "timestamp": "2024-05-15T10:56:55.050699", "branch_coverage": false, "show_contexts": false}, "files": {"src/geodense/__init__.py": {"executed_lines": [1, 2, 3, 4, 5, 7, 9, 10, 13, 14, 15, 16, 17, 20, 21, 22, 23, 24, 25, 32, 46, 47, 48, 49, 50, 51], "summary": {"covered_lines": 26, "num_statements": 26, "percent_covered": 100.0, "percent_covered_display": "100", "missing_lines": 0, "excluded_lines": 0}, "missing_lines": [], "excluded_lines": []}, "src/geodense/geojson.py": {"executed_lines": [1, 2, 4, 5, 7, 10, 13, 16, 17, 18, 21, 22, 23, 25, 26, 27, 28, 29, 30, 32, 33, 35, 38, 42], "summary": {"covered_lines": 24, "num_statements": 26, "percent_covered": 92.3076923076923, "percent_covered_display": "92", "missing_lines": 2, "excluded_lines": 0}, "missing_lines": [34, 39], "excluded_lines": []}, "src/geodense/lib.py": {"executed_lines": [1, 2, 3, 4, 5, 6, 7, 8, 9, 11, 21, 22, 23, 24, 25, 26, 28, 29, 30, 39, 40, 41, 42, 43, 47, 50, 51, 52, 53, 56, 59, 60, 61, 64, 69, 72, 75, 78, 81, 83, 86, 91, 94, 97, 98, 99, 100, 101, 104, 112, 113, 117, 119, 120, 121, 122, 123, 126, 131, 133, 134, 136, 137, 138, 139, 142, 145, 153, 156, 157, 158, 161, 186, 188, 189, 190, 191, 194, 199, 200, 201, 202, 205, 207, 210, 219, 221, 222, 223, 224, 225, 226, 227, 230, 231, 232, 233, 234, 236, 237, 240, 241, 247, 248, 249, 250, 251, 252, 254, 255, 257, 260, 261, 262, 263, 267, 272, 275, 276, 278, 280, 283, 288, 289, 291, 293, 295, 296, 301, 302, 304, 310, 318, 320, 321, 325, 326, 328, 330, 331, 332, 333, 334, 335, 338, 351, 357, 358, 361, 366, 369, 372, 373, 375, 376, 377, 379, 381, 388, 389, 392, 393, 394, 399, 400, 401, 412, 413, 414, 418, 419, 422, 430, 433, 434, 435, 436, 438, 444, 445, 446, 447, 450, 456, 458, 459, 460, 461, 464, 467, 468, 470, 471, 472, 473, 478, 479, 480, 481, 484, 488, 491, 494, 495, 496, 497, 499, 502, 507, 509, 510, 511, 513, 514, 516, 519, 522, 523, 527, 528, 530, 531, 534, 535, 536, 539, 540, 541, 542, 545, 557, 564, 565, 568, 569, 570, 575, 580, 581, 582, 584, 585, 586, 587, 589, 597, 600, 601, 604, 605, 606, 607, 608, 609, 612, 615, 631, 632, 634, 636, 637, 644, 651, 652, 653, 654, 657, 658, 659, 660, 661, 664, 668, 671, 674, 675, 677, 682, 685, 688, 689, 690, 691, 694, 696, 699, 702, 703, 706, 711, 712, 714, 717, 720, 723, 724, 725, 726, 727, 728, 729, 730, 731, 734, 735, 739, 741, 742, 744, 745, 746, 748, 749, 750, 754, 757], "summary": {"covered_lines": 316, "num_statements": 334, "percent_covered": 94.61077844311377, "percent_covered_display": "95", "missing_lines": 18, "excluded_lines": 0}, "missing_lines": [238, 242, 245, 256, 264, 284, 297, 322, 415, 416, 417, 431, 469, 474, 475, 489, 517, 524], "excluded_lines": []}, "src/geodense/main.py": {"executed_lines": [1, 2, 3, 4, 5, 6, 7, 8, 10, 12, 13, 18, 20, 23, 24, 25, 26, 27, 28, 29, 30, 31, 34, 35, 37, 40, 41, 49, 59, 60, 68, 70, 79, 80, 82, 84, 85, 87, 90, 93, 94, 95, 96, 97, 101, 107, 108, 110, 115, 122, 130, 138, 145, 153, 157, 165, 167, 174, 181, 188, 195, 202, 213, 220, 223, 225, 226, 228, 229, 230, 231, 232, 233, 234, 235, 236, 239, 240, 241, 242, 245, 251, 252, 253, 254, 261, 275, 281, 284], "summary": {"covered_lines": 89, "num_statements": 93, "percent_covered": 95.6989247311828, "percent_covered_display": "96", "missing_lines": 4, "excluded_lines": 1}, "missing_lines": [270, 271, 273, 280], "excluded_lines": [285]}, "src/geodense/models.py": {"executed_lines": [1, 2, 4, 5, 6, 9, 10, 13, 14, 16, 22, 24, 25, 29, 30, 31, 32, 33, 34, 35, 36, 37, 44, 46, 48, 49, 53, 54, 57, 60, 61, 62, 63, 64, 67, 68, 70, 71, 73], "summary": {"covered_lines": 39, "num_statements": 44, "percent_covered": 88.63636363636364, "percent_covered_display": "89", "missing_lines": 5, "excluded_lines": 0}, "missing_lines": [41, 45, 55, 58, 72], "excluded_lines": []}, "src/geodense/types.py": {"executed_lines": [1, 2, 4, 14, 15, 23, 25, 27, 31, 35, 44, 46], "summary": {"covered_lines": 12, "num_statements": 12, "percent_covered": 100.0, "percent_covered_display": "100", "missing_lines": 0, "excluded_lines": 0}, "missing_lines": [], "excluded_lines": []}}, "totals": {"covered_lines": 506, "num_statements": 535, "percent_covered": 94.57943925233644, "percent_covered_display": "95", "missing_lines": 29, "excluded_lines": 1}}