{"meta": {"version": "7.3.1", "timestamp": "2023-09-29T09:44:07.038783", "branch_coverage": false, "show_contexts": false}, "files": {"src/geodense/__init__.py": {"executed_lines": [1], "summary": {"covered_lines": 0, "num_statements": 0, "percent_covered": 100.0, "percent_covered_display": "100", "missing_lines": 0, "excluded_lines": 0}, "missing_lines": [], "excluded_lines": []}, "src/geodense/lib.py": {"executed_lines": [1, 2, 3, 4, 5, 6, 8, 9, 10, 12, 13, 14, 20, 21, 22, 23, 24, 31, 33, 34, 37, 46, 48, 50, 51, 54, 56, 64, 70, 71, 72, 73, 74, 75, 76, 77, 78, 79, 80, 81, 84, 91, 92, 93, 94, 97, 100, 102, 103, 108, 111, 112, 118, 120, 121, 122, 123, 124, 125, 126, 127, 128, 131, 134, 137, 138, 140, 141, 143, 148, 149, 150, 151, 153, 154, 155, 156, 159, 165, 167, 176, 183, 185, 187, 188, 189, 191, 192, 193, 194, 196, 197, 202, 204, 211, 212, 214, 219, 220, 221, 222, 228, 229, 230, 231, 236, 240, 241, 242, 244, 246, 251, 252, 255, 256, 257, 262, 266, 267, 268, 269, 270, 271, 273, 277, 285, 288, 293, 307, 312, 313, 314, 315, 316, 319, 320, 321, 326, 329, 330, 332, 333, 337, 338, 342, 343, 350, 351, 353, 354, 358, 359, 362, 365, 366, 370, 371, 372, 373, 374, 375, 378, 381, 400, 401, 402, 403, 404, 408, 410, 412, 413, 415, 417, 420, 423, 426, 432, 433, 434, 435, 442, 445, 464, 465, 466, 467, 468, 469, 474, 475, 477, 482, 483, 484, 489, 490, 491, 494, 495, 497, 498, 499, 500, 501, 504, 505, 506, 507, 510, 511, 514, 515, 517], "summary": {"covered_lines": 214, "num_statements": 215, "percent_covered": 99.53488372093024, "percent_covered_display": "99", "missing_lines": 1, "excluded_lines": 0}, "missing_lines": [496], "excluded_lines": []}, "src/geodense/main.py": {"executed_lines": [1, 2, 3, 5, 6, 8, 16, 19, 21, 22, 23, 24, 25, 26, 27, 28, 32, 33, 35, 38, 41, 42, 45, 46, 47, 48, 49, 50, 53, 60, 61, 64, 65, 66, 69, 70, 71, 72, 74, 75, 76, 78, 79, 80, 81, 82, 85, 86, 94, 96, 101, 103, 108, 109, 111, 118, 125, 133, 135, 142, 143, 150, 157, 159, 160, 162, 163, 164, 165, 166, 167, 168, 171], "summary": {"covered_lines": 73, "num_statements": 73, "percent_covered": 100.0, "percent_covered_display": "100", "missing_lines": 0, "excluded_lines": 1}, "missing_lines": [], "excluded_lines": [172]}}, "totals": {"covered_lines": 287, "num_statements": 288, "percent_covered": 99.65277777777777, "percent_covered_display": "99", "missing_lines": 1, "excluded_lines": 1}}